id,segmentation,area,name,insertion,action,origin,innervation
3,"[[0.71576171875, 0.64619140625, 0.7051171875, 0.655078125, 0.6945703125, 0.66689453125, 0.68451171875, 0.67783203125, 0.683828125, 0.70439453125, 0.68080078125, 0.7275390625, 0.678359375, 0.740625, 0.69076171875, 0.74775390625, 0.71576171875, 0.74951171875, 0.72416015625, 0.7337890625, 0.73236328125, 0.70859375, 0.73724609375, 0.69228515625, 0.73724609375, 0.679296875, 0.73822265625, 0.66728515625, 0.73841796875, 0.653515625, 0.73890625, 0.641015625, 0.7426171875, 0.6255859375, 0.7416113281250001, 0.616591796875, 0.73421875, 0.62646484375, 0.7254296875, 0.63671875], [0.28251953125, 0.64619140625, 0.2931640625, 0.655078125, 0.3037109375, 0.66689453125, 0.31376953125, 0.67783203125, 0.314453125, 0.70439453125, 0.31748046875, 0.7275390625, 0.319921875, 0.740625, 0.30751953125, 0.74775390625, 0.28251953125, 0.74951171875, 0.27412109375, 0.7337890625, 0.26591796875, 0.70859375, 0.26103515625, 0.69228515625, 0.26103515625, 0.679296875, 0.26005859375, 0.66728515625, 0.25986328125, 0.653515625, 0.259375, 0.641015625, 0.2556640625, 0.6255859375, 0.256669921875, 0.616591796875, 0.2640625, 0.62646484375, 0.2728515625, 0.63671875]]",Cheek,Buccinator,,,,
45,"[[0.4982421875, 0.61640625, 0.489833984375, 0.62072265625, 0.48611328125, 0.62537109375, 0.4830078125, 0.629091796875, 0.4830078125, 0.63529296875, 0.48642578125, 0.639326171875, 0.492001953125, 0.642734375, 0.496650390625, 0.643974609375, 0.498515625, 0.643974609375], [0.5000390625, 0.61640625, 0.5084472656250001, 0.62072265625, 0.51216796875, 0.62537109375, 0.5152734375, 0.629091796875, 0.5152734375, 0.63529296875, 0.51185546875, 0.639326171875, 0.5062792968750001, 0.642734375, 0.5016308593750001, 0.643974609375, 0.499765625, 0.643974609375]]",Nose,Columella,,,,
4,"[[0.44349609375, 0.581826171875, 0.440146484375, 0.5889453125, 0.438046875, 0.59607421875, 0.438046875, 0.604873046875, 0.439306640625, 0.612412109375, 0.44349609375, 0.619541015625, 0.44642578125, 0.624150390625, 0.4489453125, 0.62666015625, 0.4535546875, 0.622890625, 0.459423828125, 0.62205078125, 0.464453125, 0.62205078125, 0.4599609375, 0.61640625, 0.45615234375, 0.60908203125, 0.45419921875, 0.60478515625, 0.45302734375, 0.59873046875, 0.4533203125, 0.59345703125, 0.45478515625, 0.588671875, 0.4576171875, 0.58369140625, 0.46123046875, 0.5783203125, 0.46455078125, 0.5740234375, 0.46748046875, 0.57080078125, 0.471875, 0.5646484375, 0.476171875, 0.56005859375, 0.4794921875, 0.55205078125, 0.467802734375, 0.557939453125, 0.4615234375, 0.5642578125, 0.45693359375, 0.56923828125, 0.450625, 0.5751171875], [0.55478515625, 0.581826171875, 0.558134765625, 0.5889453125, 0.5602343750000001, 0.59607421875, 0.5602343750000001, 0.604873046875, 0.558974609375, 0.612412109375, 0.55478515625, 0.619541015625, 0.55185546875, 0.624150390625, 0.5493359375, 0.62666015625, 0.5447265625, 0.622890625, 0.538857421875, 0.62205078125, 0.533828125, 0.62205078125, 0.5383203125, 0.61640625, 0.54212890625, 0.60908203125, 0.54408203125, 0.60478515625, 0.54525390625, 0.59873046875, 0.5449609375, 0.59345703125, 0.54349609375, 0.588671875, 0.5406640625, 0.58369140625, 0.53705078125, 0.5783203125, 0.53373046875, 0.5740234375, 0.53080078125, 0.57080078125, 0.52640625, 0.5646484375, 0.522109375, 0.56005859375, 0.5187890625, 0.55205078125, 0.530478515625, 0.557939453125, 0.5367578125, 0.5642578125, 0.54134765625, 0.56923828125, 0.54765625, 0.5751171875]]",Nose,Compressor Narium Minor,,,,
5,"[[0.317548828125, 0.33736328125, 0.32388671875, 0.323095703125, 0.339736328125, 0.309365234375, 0.35400390625, 0.3056640625, 0.3708984375, 0.306201171875, 0.38146484375, 0.309365234375, 0.39572265625, 0.318349609375, 0.410517578125, 0.326796875, 0.421611328125, 0.33736328125, 0.433232421875, 0.347919921875, 0.447490234375, 0.36587890625, 0.45435546875, 0.381201171875, 0.458056640625, 0.39916015625, 0.459638671875, 0.418173828125, 0.459638671875, 0.428740234375, 0.4506640625, 0.42134765625, 0.442734375, 0.407080078125, 0.42900390625, 0.391767578125, 0.4173828125, 0.379091796875, 0.4009765625, 0.36328125, 0.3833984375, 0.353125, 0.3634765625, 0.34365234375, 0.348193359375, 0.34052734375, 0.337626953125, 0.33841796875], [0.6807324218749999, 0.33736328125, 0.6743945312499999, 0.323095703125, 0.658544921875, 0.309365234375, 0.64427734375, 0.3056640625, 0.6273828125, 0.306201171875, 0.61681640625, 0.309365234375, 0.60255859375, 0.318349609375, 0.587763671875, 0.326796875, 0.576669921875, 0.33736328125, 0.565048828125, 0.347919921875, 0.550791015625, 0.36587890625, 0.54392578125, 0.381201171875, 0.540224609375, 0.39916015625, 0.5386425781249999, 0.418173828125, 0.5386425781249999, 0.428740234375, 0.5476171875, 0.42134765625, 0.555546875, 0.407080078125, 0.56927734375, 0.391767578125, 0.5808984375, 0.379091796875, 0.5973046875, 0.36328125, 0.6148828125, 0.353125, 0.6348046875, 0.34365234375, 0.650087890625, 0.34052734375, 0.660654296875, 0.33841796875]]",Forehead,Corrugator Supercilii,,,,
37,"[[0.5344140625, 0.70025390625, 0.53802734375, 0.7009375, 0.5402734375, 0.7025, 0.54037109375, 0.705234375, 0.54046875, 0.70865234375, 0.53822265625, 0.7108984375, 0.53607421875, 0.71060546875, 0.5308984375, 0.7103125, 0.52611328125, 0.71021484375, 0.5203515625, 0.71041015625, 0.515078125, 0.71197265625, 0.51126953125, 0.71412109375, 0.5070703125, 0.715, 0.50453125, 0.7144140625, 0.5027734375, 0.71412109375, 0.50111328125, 0.7120703125, 0.50208984375, 0.70796875, 0.50423828125, 0.7050390625, 0.5115625, 0.70162109375, 0.5203515625, 0.6987890625, 0.52455078125, 0.6991796875, 0.52796875, 0.699375, 0.5308984375, 0.7], [0.4638671875, 0.70025390625, 0.46025390625, 0.7009375, 0.4580078125, 0.7025, 0.45791015625, 0.705234375, 0.4578125, 0.70865234375, 0.46005859375, 0.7108984375, 0.46220703125, 0.71060546875, 0.4673828125, 0.7103125, 0.47216796875, 0.71021484375, 0.4779296875, 0.71041015625, 0.483203125, 0.71197265625, 0.48701171875, 0.71412109375, 0.4912109375, 0.715, 0.49375, 0.7144140625, 0.4955078125, 0.71412109375, 0.49716796875, 0.7120703125, 0.49619140625, 0.70796875, 0.49404296875, 0.7050390625, 0.48671875, 0.70162109375, 0.4779296875, 0.6987890625, 0.47373046875, 0.6991796875, 0.4703125, 0.699375, 0.4673828125, 0.7]]",Lips,Cupids Bow,,,,
6,"[[0.357080078125, 0.74513671875, 0.341865234375, 0.754267578125, 0.33654296875, 0.77556640625, 0.33578125, 0.790771484375, 0.33578125, 0.805986328125, 0.33654296875, 0.819677734375, 0.33654296875, 0.833369140625, 0.339580078125, 0.849345703125, 0.34794921875, 0.86455078125, 0.357080078125, 0.877490234375, 0.365439453125, 0.886611328125, 0.377607421875, 0.897265625, 0.3890234375, 0.902587890625, 0.39814453125, 0.90638671875, 0.404228515625, 0.90791015625, 0.391298828125, 0.89345703125, 0.3859765625, 0.88052734375, 0.38583984375, 0.86904296875, 0.38681640625, 0.85673828125, 0.38673828125, 0.833369140625, 0.38673828125, 0.81359375, 0.38974609375, 0.7998046875, 0.38740234375, 0.790625, 0.370009765625, 0.769482421875, 0.365439453125, 0.756552734375], [0.641201171875, 0.74513671875, 0.6564160156250001, 0.754267578125, 0.66173828125, 0.77556640625, 0.6625000000000001, 0.790771484375, 0.6625000000000001, 0.805986328125, 0.66173828125, 0.819677734375, 0.66173828125, 0.833369140625, 0.658701171875, 0.849345703125, 0.65033203125, 0.86455078125, 0.641201171875, 0.877490234375, 0.632841796875, 0.886611328125, 0.6206738281249999, 0.897265625, 0.6092578125, 0.902587890625, 0.60013671875, 0.90638671875, 0.594052734375, 0.90791015625, 0.606982421875, 0.89345703125, 0.6123046875, 0.88052734375, 0.61244140625, 0.86904296875, 0.61146484375, 0.85673828125, 0.61154296875, 0.833369140625, 0.61154296875, 0.81359375, 0.60853515625, 0.7998046875, 0.61087890625, 0.790625, 0.628271484375, 0.769482421875, 0.632841796875, 0.756552734375]]",Chin,Depressor Anguli Oris,,,,
7,"[[0.59154296875, 0.778515625, 0.60462890625, 0.79169921875, 0.60853515625, 0.7990234375, 0.6110156250000001, 0.812587890625, 0.613125, 0.84580078125, 0.612734375, 0.8677734375, 0.609609375, 0.88427734375, 0.5976953125, 0.90419921875, 0.5812890625, 0.91396484375, 0.5808984375, 0.8951171875, 0.5777734375, 0.8810546875, 0.57220703125, 0.86708984375, 0.5683984375, 0.859765625, 0.5652734375, 0.852734375, 0.5621484375, 0.84716796875, 0.56107421875, 0.83779296875, 0.5582421875, 0.830078125, 0.556875, 0.82275390625, 0.554794921875, 0.813291015625, 0.551650390625, 0.808046875, 0.54828125, 0.803515625, 0.557265625, 0.8009765625, 0.56458984375, 0.7984375, 0.57044921875, 0.79580078125, 0.57572265625, 0.792578125, 0.58138671875, 0.7875, 0.58578125, 0.78271484375], [0.40673828125, 0.778515625, 0.39365234375, 0.79169921875, 0.38974609375, 0.7990234375, 0.387265625, 0.812587890625, 0.38515625, 0.84580078125, 0.385546875, 0.8677734375, 0.388671875, 0.88427734375, 0.4005859375, 0.90419921875, 0.4169921875, 0.91396484375, 0.4173828125, 0.8951171875, 0.4205078125, 0.8810546875, 0.42607421875, 0.86708984375, 0.4298828125, 0.859765625, 0.4330078125, 0.852734375, 0.4361328125, 0.84716796875, 0.43720703125, 0.83779296875, 0.4400390625, 0.830078125, 0.44140625, 0.82275390625, 0.443486328125, 0.813291015625, 0.446630859375, 0.808046875, 0.45, 0.803515625, 0.441015625, 0.8009765625, 0.43369140625, 0.7984375, 0.42783203125, 0.79580078125, 0.42255859375, 0.792578125, 0.41689453125, 0.7875, 0.4125, 0.78271484375]]",Lower lip,Depressor Labii Inferioris,,,,
8,"[[0.47984375, 0.638046875, 0.476328125, 0.644072265625, 0.471298828125, 0.650107421875, 0.4642578125, 0.654638671875, 0.4562109375, 0.660166015625, 0.4481640625, 0.66369140625, 0.440625, 0.66513671875, 0.441630859375, 0.6697265625, 0.445146484375, 0.67474609375, 0.451181640625, 0.67876953125, 0.457216796875, 0.67927734375, 0.46626953125, 0.677265625, 0.472802734375, 0.6732421875, 0.47984375, 0.66921875, 0.48638671875, 0.662685546875, 0.489404296875, 0.656650390625, 0.492919921875, 0.65111328125, 0.49341796875, 0.64357421875, 0.486884765625, 0.64005859375], [0.5184375, 0.638046875, 0.521953125, 0.644072265625, 0.526982421875, 0.650107421875, 0.5340234375, 0.654638671875, 0.5420703124999999, 0.660166015625, 0.5501171874999999, 0.66369140625, 0.55765625, 0.66513671875, 0.556650390625, 0.6697265625, 0.5531347656250001, 0.67474609375, 0.547099609375, 0.67876953125, 0.541064453125, 0.67927734375, 0.53201171875, 0.677265625, 0.525478515625, 0.6732421875, 0.5184375, 0.66921875, 0.5118945312500001, 0.662685546875, 0.508876953125, 0.656650390625, 0.505361328125, 0.65111328125, 0.50486328125, 0.64357421875, 0.5113964843750001, 0.64005859375], [0.38255859375, 0.307939453125, 0.39244140625, 0.293486328125, 0.40689453125, 0.280556640625, 0.424384765625, 0.2721875, 0.439599609375, 0.269912109375, 0.459375, 0.269912109375, 0.470029296875, 0.2767578125, 0.47458984375, 0.2995703125, 0.47763671875, 0.320869140625, 0.479912109375, 0.345205078125, 0.479150390625, 0.36955078125, 0.479150390625, 0.39693359375, 0.47306640625, 0.415185546875, 0.466982421875, 0.4235546875, 0.4608984375, 0.427353515625, 0.4578515625, 0.407578125, 0.457099609375, 0.385517578125, 0.44873046875, 0.367265625, 0.43275390625, 0.346728515625, 0.413740234375, 0.32923828125, 0.398525390625, 0.319345703125], [0.61572265625, 0.307939453125, 0.60583984375, 0.293486328125, 0.5913867187499999, 0.280556640625, 0.5738964843750001, 0.2721875, 0.558681640625, 0.269912109375, 0.53890625, 0.269912109375, 0.5282519531250001, 0.2767578125, 0.52369140625, 0.2995703125, 0.52064453125, 0.320869140625, 0.518369140625, 0.345205078125, 0.519130859375, 0.36955078125, 0.519130859375, 0.39693359375, 0.5252148437499999, 0.415185546875, 0.531298828125, 0.4235546875, 0.5373828125, 0.427353515625, 0.5404296875000001, 0.407578125, 0.5411816406250001, 0.385517578125, 0.54955078125, 0.367265625, 0.56552734375, 0.346728515625, 0.5845410156249999, 0.32923828125, 0.5997558593750001, 0.319345703125]]",Nose,Depressor Septi Nasi,,,,
10,"[[0.53046875, 0.571435546875, 0.531279296875, 0.576689453125, 0.531689453125, 0.58033203125, 0.531689453125, 0.5855859375, 0.531484375, 0.58982421875, 0.53046875, 0.594072265625, 0.528857421875, 0.598310546875, 0.52623046875, 0.602158203125, 0.5233984375, 0.605185546875, 0.519560546875, 0.6090234375, 0.516728515625, 0.6124609375, 0.5134960937499999, 0.61650390625, 0.511474609375, 0.620546875, 0.5116796875, 0.6241796875, 0.513701171875, 0.62701171875, 0.51693359375, 0.628017578125, 0.52037109375, 0.62701171875, 0.52380859375, 0.6251953125, 0.5258203125, 0.62458984375, 0.5282519531250001, 0.623369140625, 0.531279296875, 0.620341796875, 0.532900390625, 0.6183203125, 0.5365332031250001, 0.6148828125, 0.53919921875, 0.6125, 0.54076171875, 0.60986328125, 0.542421875, 0.60595703125, 0.54421875, 0.6031640625, 0.545224609375, 0.59953125, 0.5454296875, 0.593662109375, 0.544619140625, 0.589423828125, 0.5423925781250001, 0.5845703125, 0.53916015625, 0.58033203125, 0.537548828125, 0.577099609375, 0.534716796875, 0.573857421875], [0.4678125, 0.571435546875, 0.467001953125, 0.576689453125, 0.466591796875, 0.58033203125, 0.466591796875, 0.5855859375, 0.466796875, 0.58982421875, 0.4678125, 0.594072265625, 0.469423828125, 0.598310546875, 0.47205078125, 0.602158203125, 0.4748828125, 0.605185546875, 0.478720703125, 0.6090234375, 0.481552734375, 0.6124609375, 0.48478515625, 0.61650390625, 0.486806640625, 0.620546875, 0.4866015625, 0.6241796875, 0.484580078125, 0.62701171875, 0.48134765625, 0.628017578125, 0.47791015625, 0.62701171875, 0.47447265625, 0.6251953125, 0.4724609375, 0.62458984375, 0.470029296875, 0.623369140625, 0.467001953125, 0.620341796875, 0.465380859375, 0.6183203125, 0.461748046875, 0.6148828125, 0.45908203125, 0.6125, 0.45751953125, 0.60986328125, 0.455859375, 0.60595703125, 0.4540625, 0.6031640625, 0.453056640625, 0.59953125, 0.4528515625, 0.593662109375, 0.453662109375, 0.589423828125, 0.455888671875, 0.5845703125, 0.45912109375, 0.58033203125, 0.460732421875, 0.577099609375, 0.463564453125, 0.573857421875]]",Nose,Dilator Naris Anterior,,,,
11,"[[0.498603515625, 0.00078125, 0.49619140625, 0.266884765625, 0.4889453125, 0.267490234375, 0.480498046875, 0.268701171875, 0.475673828125, 0.272919921875, 0.47265625, 0.2759375, 0.470244140625, 0.25482421875, 0.469033203125, 0.2409375, 0.466015625, 0.222841796875, 0.46541015625, 0.204130859375, 0.45998046875, 0.17939453125, 0.457568359375, 0.151630859375, 0.45455078125, 0.131123046875, 0.452744140625, 0.11421875, 0.452138671875, 0.095517578125, 0.448515625, 0.078623046875, 0.444892578125, 0.059912109375, 0.44248046875, 0.042412109375, 0.435244140625, 0.027333984375, 0.431015625, 0.019482421875, 0.424384765625, 0.008623046875, 0.4443359375, 0.00390625, 0.46220703125, 0.0, 0.48173828125, 0.0], [0.22841796875, 0.15576171875, 0.2345703125, 0.13876953125, 0.24375, 0.123046875, 0.25478515625, 0.1068359375, 0.2698046875, 0.094814453125, 0.282880859375, 0.0797265625, 0.296455078125, 0.068662109375, 0.31154296875, 0.05810546875, 0.32712890625, 0.047548828125, 0.341708984375, 0.039501953125, 0.356298828125, 0.032958984375, 0.37037109375, 0.025927734375, 0.385966796875, 0.0208984375, 0.3965234375, 0.016875, 0.409091796875, 0.0128515625, 0.42267578125, 0.009326171875, 0.43021484375, 0.01837890625, 0.43775390625, 0.033466796875, 0.441279296875, 0.049052734375, 0.443291015625, 0.05810546875, 0.444794921875, 0.0716796875, 0.4478125, 0.082744140625, 0.450830078125, 0.09783203125, 0.45234375, 0.114423828125, 0.455361328125, 0.127998046875, 0.457421875, 0.1482421875, 0.45837890625, 0.164208984375, 0.45966796875, 0.177734375, 0.46142578125, 0.1888671875, 0.46390625, 0.20494140625, 0.464404296875, 0.217509765625, 0.466923828125, 0.233603515625, 0.468427734375, 0.246171875, 0.470439453125, 0.2582421875, 0.470947265625, 0.269306640625, 0.470947265625, 0.274833984375, 0.457373046875, 0.269306640625, 0.44630859375, 0.2703125, 0.434736328125, 0.27232421875, 0.417646484375, 0.27734375, 0.407080078125, 0.28337890625, 0.401171875, 0.28837890625, 0.39404296875, 0.29423828125, 0.38935546875, 0.30068359375, 0.3861328125, 0.30517578125, 0.38244140625, 0.308525390625, 0.37197265625, 0.30869140625, 0.3619140625, 0.30546875, 0.3521484375, 0.30634765625, 0.34072265625, 0.309765625, 0.3271484375, 0.3224609375, 0.31611328125, 0.33857421875, 0.298046875, 0.3416015625, 0.28291015625, 0.348828125, 0.26669921875, 0.363671875, 0.2736328125, 0.33134765625, 0.2779296875, 0.305859375, 0.276953125, 0.28642578125, 0.27529296875, 0.2626953125, 0.2751953125, 0.2404296875, 0.2677734375, 0.22333984375, 0.26201171875, 0.20654296875, 0.256640625, 0.19560546875, 0.2529296875, 0.18564453125, 0.2482421875, 0.17802734375, 0.24228515625, 0.1712890625, 0.23623046875, 0.16474609375], [0.499677734375, 0.00078125, 0.50208984375, 0.266884765625, 0.5093359375, 0.267490234375, 0.517783203125, 0.268701171875, 0.5226074218750001, 0.272919921875, 0.525625, 0.2759375, 0.528037109375, 0.25482421875, 0.529248046875, 0.2409375, 0.532265625, 0.222841796875, 0.5328710937500001, 0.204130859375, 0.53830078125, 0.17939453125, 0.540712890625, 0.151630859375, 0.54373046875, 0.131123046875, 0.545537109375, 0.11421875, 0.546142578125, 0.095517578125, 0.549765625, 0.078623046875, 0.5533886718750001, 0.059912109375, 0.55580078125, 0.042412109375, 0.563037109375, 0.027333984375, 0.567265625, 0.019482421875, 0.5738964843750001, 0.008623046875, 0.5539453125, 0.00390625, 0.53607421875, 0.0, 0.51654296875, 0.0], [0.76986328125, 0.15576171875, 0.7637109375, 0.13876953125, 0.75453125, 0.123046875, 0.74349609375, 0.1068359375, 0.7284765625, 0.094814453125, 0.7154003906249999, 0.0797265625, 0.7018261718750001, 0.068662109375, 0.68673828125, 0.05810546875, 0.67115234375, 0.047548828125, 0.6565722656249999, 0.039501953125, 0.641982421875, 0.032958984375, 0.62791015625, 0.025927734375, 0.612314453125, 0.0208984375, 0.6017578125, 0.016875, 0.5891894531249999, 0.0128515625, 0.5756054687500001, 0.009326171875, 0.56806640625, 0.01837890625, 0.56052734375, 0.033466796875, 0.557001953125, 0.049052734375, 0.554990234375, 0.05810546875, 0.553486328125, 0.0716796875, 0.5504687500000001, 0.082744140625, 0.547451171875, 0.09783203125, 0.5459375, 0.114423828125, 0.542919921875, 0.127998046875, 0.540859375, 0.1482421875, 0.53990234375, 0.164208984375, 0.53861328125, 0.177734375, 0.53685546875, 0.1888671875, 0.534375, 0.20494140625, 0.533876953125, 0.217509765625, 0.531357421875, 0.233603515625, 0.5298535156249999, 0.246171875, 0.527841796875, 0.2582421875, 0.527333984375, 0.269306640625, 0.527333984375, 0.274833984375, 0.540908203125, 0.269306640625, 0.55197265625, 0.2703125, 0.5635449218749999, 0.27232421875, 0.5806347656249999, 0.27734375, 0.591201171875, 0.28337890625, 0.597109375, 0.28837890625, 0.60423828125, 0.29423828125, 0.60892578125, 0.30068359375, 0.6121484375, 0.30517578125, 0.61583984375, 0.308525390625, 0.62630859375, 0.30869140625, 0.6363671875, 0.30546875, 0.6461328125, 0.30634765625, 0.65755859375, 0.309765625, 0.6711328125, 0.3224609375, 0.68216796875, 0.33857421875, 0.700234375, 0.3416015625, 0.71537109375, 0.348828125, 0.73158203125, 0.363671875, 0.7246484375, 0.33134765625, 0.7203515625, 0.305859375, 0.721328125, 0.28642578125, 0.72298828125, 0.2626953125, 0.7230859375, 0.2404296875, 0.7305078125, 0.22333984375, 0.73626953125, 0.20654296875, 0.741640625, 0.19560546875, 0.7453515625, 0.18564453125, 0.7500390625, 0.17802734375, 0.75599609375, 0.1712890625, 0.76205078125, 0.16474609375]]",Forehead,Frontalis,,,,
43,"[[0.71166015625, 0.4341796875, 0.70716796875, 0.43486328125, 0.704072265625, 0.43568359375, 0.700166015625, 0.43744140625, 0.697626953125, 0.43998046875, 0.697041015625, 0.44388671875, 0.697041015625, 0.44818359375, 0.6973339843749999, 0.45052734375, 0.700458984375, 0.45404296875, 0.70482421875, 0.45732421875, 0.711298828125, 0.4578515625, 0.7169628906250001, 0.45638671875, 0.7222363281249999, 0.4535546875, 0.723896484375, 0.4492578125, 0.7242871093750001, 0.44525390625, 0.721455078125, 0.440859375, 0.720087890625, 0.43822265625, 0.7158886718749999, 0.435390625], [0.28662109375, 0.4341796875, 0.29111328125, 0.43486328125, 0.294208984375, 0.43568359375, 0.298115234375, 0.43744140625, 0.300654296875, 0.43998046875, 0.301240234375, 0.44388671875, 0.301240234375, 0.44818359375, 0.300947265625, 0.45052734375, 0.297822265625, 0.45404296875, 0.29345703125, 0.45732421875, 0.286982421875, 0.4578515625, 0.281318359375, 0.45638671875, 0.276044921875, 0.4535546875, 0.274384765625, 0.4492578125, 0.273994140625, 0.44525390625, 0.276826171875, 0.440859375, 0.278193359375, 0.43822265625, 0.282392578125, 0.435390625]]",Eye,Lateral Palpebral Ligament,,,,
14,"[[0.5883203125, 0.5162109375, 0.5844140625, 0.522470703125, 0.5816113281249999, 0.528408203125, 0.5777734375, 0.534345703125, 0.57568359375, 0.54203125, 0.5770800781250001, 0.549365234375, 0.5777734375, 0.557392578125, 0.5791699218749999, 0.5654296875, 0.58126953125, 0.57345703125, 0.5830078125, 0.580791015625, 0.5844140625, 0.5884765625, 0.587900390625, 0.594755859375, 0.590341796875, 0.60208984375, 0.591044921875, 0.611865234375, 0.59208984375, 0.62478515625, 0.593134765625, 0.63177734375, 0.59279296875, 0.639453125, 0.590693359375, 0.650634765625, 0.5875390625, 0.659375, 0.585810546875, 0.66634765625, 0.583359375, 0.67787109375, 0.5795214843750001, 0.68869140625, 0.576025390625, 0.696728515625, 0.573232421875, 0.703359375, 0.5666015625, 0.71173828125, 0.56234375, 0.71630859375, 0.566953125, 0.71767578125, 0.5715234375, 0.72001953125, 0.57533203125, 0.72177734375, 0.5784765625, 0.72326171875, 0.582314453125, 0.72431640625, 0.5826660156250001, 0.7201171875, 0.584755859375, 0.713837890625, 0.586171875, 0.70625, 0.5875390625, 0.69755859375, 0.5891015625, 0.69404296875, 0.590341796875, 0.68939453125, 0.5924414062500001, 0.68345703125, 0.594189453125, 0.6803125, 0.5959375, 0.673681640625, 0.59818359375, 0.66298828125, 0.60130859375, 0.65615234375, 0.604140625, 0.65087890625, 0.6062890625, 0.64443359375, 0.6074609375, 0.63771484375, 0.6091992187499999, 0.63107421875, 0.60990234375, 0.623388671875, 0.6121484375, 0.6107421875, 0.6141015625, 0.60244140625, 0.6168359375, 0.5947265625, 0.6199609375, 0.5876953125, 0.62220703125, 0.58232421875, 0.6250390625, 0.575390625, 0.62728515625, 0.5708984375, 0.6285546875, 0.56650390625, 0.63060546875, 0.56162109375, 0.63216796875, 0.5583984375, 0.6348046875, 0.55341796875, 0.63763671875, 0.5513671875, 0.6410546875, 0.5462890625, 0.64525390625, 0.54296875, 0.63015625, 0.53888671875, 0.62177734375, 0.5364453125, 0.61583984375, 0.53365234375, 0.608505859375, 0.5305078125, 0.60111328125, 0.5255859375, 0.594189453125, 0.52142578125], [0.4099609375, 0.5162109375, 0.4138671875, 0.522470703125, 0.416669921875, 0.528408203125, 0.4205078125, 0.534345703125, 0.42259765625, 0.54203125, 0.421201171875, 0.549365234375, 0.4205078125, 0.557392578125, 0.419111328125, 0.5654296875, 0.41701171875, 0.57345703125, 0.4152734375, 0.580791015625, 0.4138671875, 0.5884765625, 0.410380859375, 0.594755859375, 0.407939453125, 0.60208984375, 0.407236328125, 0.611865234375, 0.40619140625, 0.62478515625, 0.405146484375, 0.63177734375, 0.40548828125, 0.639453125, 0.407587890625, 0.650634765625, 0.4107421875, 0.659375, 0.412470703125, 0.66634765625, 0.414921875, 0.67787109375, 0.418759765625, 0.68869140625, 0.422255859375, 0.696728515625, 0.425048828125, 0.703359375, 0.4316796875, 0.71173828125, 0.4359375, 0.71630859375, 0.431328125, 0.71767578125, 0.4267578125, 0.72001953125, 0.42294921875, 0.72177734375, 0.4198046875, 0.72326171875, 0.415966796875, 0.72431640625, 0.415615234375, 0.7201171875, 0.413525390625, 0.713837890625, 0.412109375, 0.70625, 0.4107421875, 0.69755859375, 0.4091796875, 0.69404296875, 0.407939453125, 0.68939453125, 0.40583984375, 0.68345703125, 0.404091796875, 0.6803125, 0.40234375, 0.673681640625, 0.40009765625, 0.66298828125, 0.39697265625, 0.65615234375, 0.394140625, 0.65087890625, 0.3919921875, 0.64443359375, 0.3908203125, 0.63771484375, 0.38908203125, 0.63107421875, 0.38837890625, 0.623388671875, 0.3861328125, 0.6107421875, 0.3841796875, 0.60244140625, 0.3814453125, 0.5947265625, 0.3783203125, 0.5876953125, 0.37607421875, 0.58232421875, 0.3732421875, 0.575390625, 0.37099609375, 0.5708984375, 0.3697265625, 0.56650390625, 0.36767578125, 0.56162109375, 0.36611328125, 0.5583984375, 0.3634765625, 0.55341796875, 0.36064453125, 0.5513671875, 0.3572265625, 0.5462890625, 0.35302734375, 0.54296875, 0.368125, 0.53888671875, 0.37650390625, 0.5364453125, 0.38244140625, 0.53365234375, 0.389775390625, 0.5305078125, 0.39716796875, 0.5255859375, 0.404091796875, 0.52142578125]]",Upper lip,Levator Labii Superioris,,,,
15,"[[0.47005859375, 0.419248046875, 0.471875, 0.42830078125, 0.4720703125, 0.43994140625, 0.469453125, 0.448818359375, 0.4640234375, 0.462099609375, 0.458984375, 0.47177734375, 0.4525390625, 0.48037109375, 0.445322265625, 0.488642578125, 0.437470703125, 0.49830078125, 0.433251953125, 0.507353515625, 0.427822265625, 0.519423828125, 0.42419921875, 0.535712890625, 0.421181640625, 0.551396484375, 0.419375, 0.563466796875, 0.415751953125, 0.579765625, 0.41212890625, 0.590625, 0.40791015625, 0.6026953125, 0.4073046875, 0.616572265625, 0.404892578125, 0.640107421875, 0.4073046875, 0.650966796875, 0.409716796875, 0.656396484375, 0.41333984375, 0.6702734375, 0.4150390625, 0.679296875, 0.41923828125, 0.69013671875, 0.4224609375, 0.69619140625, 0.42529296875, 0.7029296875, 0.42919921875, 0.707421875, 0.4328125, 0.7125, 0.4349609375, 0.71640625, 0.44072265625, 0.7142578125, 0.4478515625, 0.71142578125, 0.46416015625, 0.70615234375, 0.4591796875, 0.6896484375, 0.45546875, 0.68056640625, 0.449609375, 0.68056640625, 0.4412109375, 0.671484375, 0.43720703125, 0.66259765625, 0.43466796875, 0.651171875, 0.4314453125, 0.64072265625, 0.427734375, 0.63330078125, 0.422392578125, 0.622001953125, 0.422392578125, 0.615966796875, 0.4248046875, 0.603896484375, 0.426005859375, 0.592431640625, 0.43083984375, 0.58337890625, 0.432041015625, 0.57373046875, 0.43626953125, 0.559853515625, 0.44109375, 0.547177734375, 0.4465234375, 0.534501953125, 0.4521484375, 0.5173828125, 0.45849609375, 0.5046875, 0.46298828125, 0.49521484375, 0.4681640625, 0.48291015625, 0.473681640625, 0.471142578125, 0.478505859375, 0.4584765625, 0.48173828125, 0.4505859375, 0.48310546875, 0.4431640625, 0.481640625, 0.43447265625, 0.4787109375, 0.4267578125, 0.473046875, 0.41572265625], [0.5282226562500001, 0.419248046875, 0.52640625, 0.42830078125, 0.5262109375, 0.43994140625, 0.528828125, 0.448818359375, 0.5342578124999999, 0.462099609375, 0.539296875, 0.47177734375, 0.5457421875, 0.48037109375, 0.552958984375, 0.488642578125, 0.560810546875, 0.49830078125, 0.565029296875, 0.507353515625, 0.5704589843750001, 0.519423828125, 0.57408203125, 0.535712890625, 0.577099609375, 0.551396484375, 0.57890625, 0.563466796875, 0.582529296875, 0.579765625, 0.58615234375, 0.590625, 0.59037109375, 0.6026953125, 0.5909765625000001, 0.616572265625, 0.593388671875, 0.640107421875, 0.5909765625000001, 0.650966796875, 0.588564453125, 0.656396484375, 0.58494140625, 0.6702734375, 0.5832421875, 0.679296875, 0.57904296875, 0.69013671875, 0.5758203125, 0.69619140625, 0.57298828125, 0.7029296875, 0.56908203125, 0.707421875, 0.56546875, 0.7125, 0.5633203125, 0.71640625, 0.55755859375, 0.7142578125, 0.5504296875, 0.71142578125, 0.53412109375, 0.70615234375, 0.5391015625, 0.6896484375, 0.5428125, 0.68056640625, 0.548671875, 0.68056640625, 0.5570703125, 0.671484375, 0.56107421875, 0.66259765625, 0.56361328125, 0.651171875, 0.5668359375, 0.64072265625, 0.570546875, 0.63330078125, 0.575888671875, 0.622001953125, 0.575888671875, 0.615966796875, 0.5734765625, 0.603896484375, 0.572275390625, 0.592431640625, 0.56744140625, 0.58337890625, 0.5662402343749999, 0.57373046875, 0.56201171875, 0.559853515625, 0.5571875, 0.547177734375, 0.5517578125, 0.534501953125, 0.5461328125, 0.5173828125, 0.53978515625, 0.5046875, 0.53529296875, 0.49521484375, 0.5301171875, 0.48291015625, 0.524599609375, 0.471142578125, 0.519775390625, 0.4584765625, 0.51654296875, 0.4505859375, 0.51517578125, 0.4431640625, 0.516640625, 0.43447265625, 0.5195703125, 0.4267578125, 0.525234375, 0.41572265625]]",Upper lip,Levator Labii Superioris Alaque Nasi,,,,
17,"[[0.22978515625, 0.567412109375, 0.228525390625, 0.574111328125, 0.227275390625, 0.584169921875, 0.225595703125, 0.589619140625, 0.2243359375, 0.594228515625, 0.227275390625, 0.601767578125, 0.229365234375, 0.6143359375, 0.23271484375, 0.6281640625, 0.233974609375, 0.6407421875, 0.23603515625, 0.6533203125, 0.23732421875, 0.667138671875, 0.2369140625, 0.676357421875, 0.23732421875, 0.687255859375, 0.23732421875, 0.6960546875, 0.23900390625, 0.705693359375, 0.239423828125, 0.71072265625, 0.241103515625, 0.717841796875, 0.2461328125, 0.73125, 0.250908203125, 0.744326171875, 0.254423828125, 0.75287109375, 0.259453125, 0.759912109375, 0.262470703125, 0.76494140625, 0.270009765625, 0.762431640625, 0.28107421875, 0.756396484375, 0.282080078125, 0.75287109375, 0.276552734375, 0.744833984375, 0.272021484375, 0.7352734375, 0.2715234375, 0.726220703125, 0.271015625, 0.720185546875, 0.267998046875, 0.70611328125, 0.26435546875, 0.69306640625, 0.2638671875, 0.6796875, 0.2634765625, 0.665380859375, 0.26455078125, 0.651953125, 0.267998046875, 0.644765625, 0.270009765625, 0.6407421875, 0.2715234375, 0.637724609375, 0.274541015625, 0.635712890625, 0.26548828125, 0.62666015625, 0.252919921875, 0.6085546875, 0.2473828125, 0.597998046875, 0.23984375, 0.58291015625], [0.76849609375, 0.567412109375, 0.769755859375, 0.574111328125, 0.771005859375, 0.584169921875, 0.772685546875, 0.589619140625, 0.7739453125, 0.594228515625, 0.771005859375, 0.601767578125, 0.768916015625, 0.6143359375, 0.76556640625, 0.6281640625, 0.764306640625, 0.6407421875, 0.76224609375, 0.6533203125, 0.76095703125, 0.667138671875, 0.7613671875, 0.676357421875, 0.76095703125, 0.687255859375, 0.76095703125, 0.6960546875, 0.75927734375, 0.705693359375, 0.758857421875, 0.71072265625, 0.757177734375, 0.717841796875, 0.7521484375, 0.73125, 0.747373046875, 0.744326171875, 0.743857421875, 0.75287109375, 0.738828125, 0.759912109375, 0.735810546875, 0.76494140625, 0.728271484375, 0.762431640625, 0.7172070312500001, 0.756396484375, 0.716201171875, 0.75287109375, 0.721728515625, 0.744833984375, 0.726259765625, 0.7352734375, 0.7267578125, 0.726220703125, 0.727265625, 0.720185546875, 0.730283203125, 0.70611328125, 0.73392578125, 0.69306640625, 0.7344140625, 0.6796875, 0.7348046875, 0.665380859375, 0.73373046875, 0.651953125, 0.730283203125, 0.644765625, 0.728271484375, 0.6407421875, 0.7267578125, 0.637724609375, 0.723740234375, 0.635712890625, 0.73279296875, 0.62666015625, 0.745361328125, 0.6085546875, 0.7508984375000001, 0.597998046875, 0.7584375, 0.58291015625]]",Masseter,Masseter,,,,
18,"[[0.411396484375, 0.44544921875, 0.415791015625, 0.4445703125, 0.420283203125, 0.44427734375, 0.426728515625, 0.4441796875, 0.429951171875, 0.44583984375, 0.432685546875, 0.44857421875, 0.434833984375, 0.452578125, 0.436201171875, 0.45873046875, 0.435517578125, 0.46234375, 0.434638671875, 0.46380859375, 0.430439453125, 0.46703125, 0.424677734375, 0.46771484375, 0.418720703125, 0.46791015625, 0.412080078125, 0.46751953125, 0.406220703125, 0.46625, 0.402412109375, 0.464296875, 0.399677734375, 0.46185546875, 0.398896484375, 0.45775390625, 0.398798828125, 0.453359375, 0.402314453125, 0.44916015625, 0.405927734375, 0.44759765625, 0.4083984375, 0.44619140625], [0.586884765625, 0.44544921875, 0.582490234375, 0.4445703125, 0.577998046875, 0.44427734375, 0.571552734375, 0.4441796875, 0.568330078125, 0.44583984375, 0.5655957031250001, 0.44857421875, 0.563447265625, 0.452578125, 0.5620800781249999, 0.45873046875, 0.562763671875, 0.46234375, 0.5636425781250001, 0.46380859375, 0.567841796875, 0.46703125, 0.573603515625, 0.46771484375, 0.579560546875, 0.46791015625, 0.586201171875, 0.46751953125, 0.592060546875, 0.46625, 0.5958691406250001, 0.464296875, 0.598603515625, 0.46185546875, 0.599384765625, 0.45775390625, 0.599482421875, 0.453359375, 0.595966796875, 0.44916015625, 0.5923535156249999, 0.44759765625, 0.5898828125, 0.44619140625]]",Eye,Medial Palpebral Ligament,,,,
19,"[[0.56087890625, 0.84716796875, 0.5656640625, 0.8576171875, 0.57201171875, 0.86982421875, 0.575234375, 0.87587890625, 0.580703125, 0.886328125, 0.583828125, 0.89560546875, 0.58265625, 0.91357421875, 0.57337890625, 0.91767578125, 0.56380859375, 0.92158203125, 0.5492578125, 0.9232421875, 0.53265625, 0.9248046875, 0.50853515625, 0.92333984375, 0.50609375, 0.90888671875, 0.506484375, 0.8931640625, 0.50658203125, 0.87646484375, 0.5066796875, 0.8603515625, 0.5066796875, 0.84404296875, 0.5062890625, 0.82255859375, 0.50638671875, 0.8025390625, 0.5488671875, 0.8044921875, 0.55638671875, 0.82109375, 0.5601953125, 0.83583984375], [0.43740234375, 0.84716796875, 0.4326171875, 0.8576171875, 0.42626953125, 0.86982421875, 0.423046875, 0.87587890625, 0.417578125, 0.886328125, 0.414453125, 0.89560546875, 0.415625, 0.91357421875, 0.42490234375, 0.91767578125, 0.43447265625, 0.92158203125, 0.4490234375, 0.9232421875, 0.465625, 0.9248046875, 0.48974609375, 0.92333984375, 0.4921875, 0.90888671875, 0.491796875, 0.8931640625, 0.49169921875, 0.87646484375, 0.4916015625, 0.8603515625, 0.4916015625, 0.84404296875, 0.4919921875, 0.82255859375, 0.49189453125, 0.8025390625, 0.4494140625, 0.8044921875, 0.44189453125, 0.82109375, 0.4380859375, 0.83583984375]]",Chin,Mentalis,,,,
22,"[[0.566201171875, 0.633515625, 0.5611816406250001, 0.638046875, 0.5536328125000001, 0.640556640625, 0.5455859375000001, 0.642060546875, 0.538046875, 0.642060546875, 0.529501953125, 0.644580078125, 0.52447265625, 0.646591796875, 0.529140625, 0.65126953125, 0.5363671875, 0.6556640625, 0.542421875, 0.65966796875, 0.54896484375, 0.6626953125, 0.554140625, 0.66416015625, 0.5586621093749999, 0.6651953125, 0.561171875, 0.66005859375, 0.56390625, 0.65078125, 0.565703125, 0.64306640625], [0.432080078125, 0.633515625, 0.437099609375, 0.638046875, 0.4446484375, 0.640556640625, 0.4526953125, 0.642060546875, 0.460234375, 0.642060546875, 0.468779296875, 0.644580078125, 0.47380859375, 0.646591796875, 0.469140625, 0.65126953125, 0.4619140625, 0.6556640625, 0.455859375, 0.65966796875, 0.44931640625, 0.6626953125, 0.444140625, 0.66416015625, 0.439619140625, 0.6651953125, 0.437109375, 0.66005859375, 0.434375, 0.65078125, 0.432578125, 0.64306640625]]",Nose,Nasalis Alar,,,,
21,"[[0.5605859375, 0.584375, 0.55521484375, 0.5822265625, 0.55892578125, 0.59140625, 0.5601953125, 0.597265625, 0.56048828125, 0.6046875, 0.559609375, 0.6091796875, 0.55892578125, 0.61220703125, 0.55716796875, 0.6166015625, 0.555703125, 0.6189453125, 0.55462890625, 0.620703125, 0.552578125, 0.623046875, 0.551533203125, 0.625478515625, 0.549912109375, 0.626689453125, 0.5525390625, 0.62830078125, 0.5559765624999999, 0.62951171875, 0.5594140625, 0.631337890625, 0.5628515625, 0.631943359375, 0.566279296875, 0.632138671875, 0.56890625, 0.632138671875, 0.572109375, 0.63037109375, 0.57435546875, 0.62646484375, 0.57474609375, 0.62255859375, 0.575234375, 0.61904296875, 0.5754296875, 0.61484375, 0.5750390625, 0.6111328125, 0.57474609375, 0.60771484375, 0.5740625, 0.6041015625, 0.57259765625, 0.5994140625, 0.570546875, 0.5970703125, 0.56888671875, 0.59384765625], [0.4376953125, 0.584375, 0.44306640625, 0.5822265625, 0.43935546875, 0.59140625, 0.4380859375, 0.597265625, 0.43779296875, 0.6046875, 0.438671875, 0.6091796875, 0.43935546875, 0.61220703125, 0.44111328125, 0.6166015625, 0.442578125, 0.6189453125, 0.44365234375, 0.620703125, 0.445703125, 0.623046875, 0.446748046875, 0.625478515625, 0.448369140625, 0.626689453125, 0.4457421875, 0.62830078125, 0.4423046875, 0.62951171875, 0.4388671875, 0.631337890625, 0.4354296875, 0.631943359375, 0.432001953125, 0.632138671875, 0.429375, 0.632138671875, 0.426171875, 0.63037109375, 0.42392578125, 0.62646484375, 0.42353515625, 0.62255859375, 0.423046875, 0.61904296875, 0.4228515625, 0.61484375, 0.4232421875, 0.6111328125, 0.42353515625, 0.60771484375, 0.42421875, 0.6041015625, 0.42568359375, 0.5994140625, 0.427734375, 0.5970703125, 0.42939453125, 0.59384765625], [0.500732421875, 0.457421875, 0.50978515625, 0.45892578125, 0.518837890625, 0.465966796875, 0.524365234375, 0.475517578125, 0.527890625, 0.4845703125, 0.5309082031250001, 0.49513671875, 0.534931640625, 0.505185546875, 0.5399609375000001, 0.512734375, 0.544482421875, 0.521279296875, 0.5480078125000001, 0.530830078125, 0.55302734375, 0.540888671875, 0.555546875, 0.548935546875, 0.5595703125, 0.55798828125, 0.562587890625, 0.56552734375, 0.5645996093750001, 0.573076171875, 0.562587890625, 0.580615234375, 0.560576171875, 0.584140625, 0.552529296875, 0.580615234375, 0.5475, 0.574580078125, 0.542470703125, 0.56955078125, 0.5359375, 0.563017578125, 0.52939453125, 0.558994140625, 0.520849609375, 0.55447265625, 0.5123046875, 0.553466796875, 0.50375, 0.553466796875, 0.500234375, 0.555927734375, 0.4997265625, 0.532841796875], [0.497548828125, 0.457421875, 0.48849609375, 0.45892578125, 0.479443359375, 0.465966796875, 0.473916015625, 0.475517578125, 0.470390625, 0.4845703125, 0.467373046875, 0.49513671875, 0.463349609375, 0.505185546875, 0.4583203125, 0.512734375, 0.453798828125, 0.521279296875, 0.4502734375, 0.530830078125, 0.44525390625, 0.540888671875, 0.442734375, 0.548935546875, 0.4387109375, 0.55798828125, 0.435693359375, 0.56552734375, 0.433681640625, 0.573076171875, 0.435693359375, 0.580615234375, 0.437705078125, 0.584140625, 0.445751953125, 0.580615234375, 0.45078125, 0.574580078125, 0.455810546875, 0.56955078125, 0.46234375, 0.563017578125, 0.46888671875, 0.558994140625, 0.477431640625, 0.55447265625, 0.4859765625, 0.553466796875, 0.49453125, 0.553466796875, 0.498046875, 0.555927734375, 0.4985546875, 0.532841796875]]",Nose,Nasalis Transverse,,,,
48,"[[0.500693359375, 0.550947265625, 0.50689453125, 0.551259765625, 0.5152734375, 0.553125, 0.520849609375, 0.559013671875, 0.52736328125, 0.566767578125, 0.528916015625, 0.57017578125, 0.53015625, 0.577001953125, 0.53015625, 0.587236328125, 0.5292285156250001, 0.593740234375, 0.5264355468749999, 0.60119140625, 0.52177734375, 0.606455078125, 0.515576171875, 0.61513671875, 0.51216796875, 0.62009765625, 0.506591796875, 0.622578125, 0.50255859375, 0.623828125, 0.499140625, 0.621650390625], [0.497587890625, 0.550947265625, 0.49138671875, 0.551259765625, 0.4830078125, 0.553125, 0.477431640625, 0.559013671875, 0.47091796875, 0.566767578125, 0.469365234375, 0.57017578125, 0.468125, 0.577001953125, 0.468125, 0.587236328125, 0.469052734375, 0.593740234375, 0.471845703125, 0.60119140625, 0.47650390625, 0.606455078125, 0.482705078125, 0.61513671875, 0.48611328125, 0.62009765625, 0.491689453125, 0.622578125, 0.49572265625, 0.623828125, 0.499140625, 0.621650390625]]",Nose,Nose Tip,,,,
35,"[[0.5078906249999999, 0.641904296875, 0.5218847656250001, 0.642958984375, 0.534482421875, 0.642958984375, 0.5477832031250001, 0.64470703125, 0.559326171875, 0.646806640625, 0.5687695312500001, 0.64890625, 0.57857421875, 0.651005859375, 0.58556640625, 0.6566015625, 0.5981640625, 0.6646484375, 0.6058691406250001, 0.67060546875, 0.61181640625, 0.675146484375, 0.617060546875, 0.680048828125, 0.622666015625, 0.684951171875, 0.62861328125, 0.69125, 0.6342089843750001, 0.696845703125, 0.6405078125, 0.7069921875, 0.64400390625, 0.7157421875, 0.6443554687499999, 0.724140625, 0.6447070312500001, 0.734990234375, 0.6415625, 0.742685546875, 0.639111328125, 0.748984375, 0.6349121093750001, 0.75703125, 0.630009765625, 0.7647265625, 0.6240625, 0.775927734375, 0.617412109375, 0.783271484375, 0.61146484375, 0.7895703125, 0.59921875, 0.797626953125, 0.588720703125, 0.80357421875, 0.5820703125, 0.805673828125, 0.567724609375, 0.81091796875, 0.5558300781250001, 0.81197265625, 0.547080078125, 0.812314453125, 0.532734375, 0.814072265625, 0.52013671875, 0.808818359375, 0.51103515625, 0.804619140625, 0.5057910156250001, 0.804267578125, 0.5057910156250001, 0.801826171875, 0.506484375, 0.79482421875, 0.514189453125, 0.79482421875, 0.523984375, 0.79412109375, 0.53552734375, 0.789921875, 0.54462890625, 0.78712890625, 0.551982421875, 0.783974609375, 0.558623046875, 0.7815234375, 0.565625, 0.77697265625, 0.573671875, 0.77033203125, 0.580322265625, 0.765078125, 0.5873242187500001, 0.762978515625, 0.5943164062499999, 0.758427734375, 0.601669921875, 0.755283203125, 0.608662109375, 0.751083984375, 0.613564453125, 0.746533203125, 0.6156640625, 0.742333984375, 0.612509765625, 0.73953125, 0.609365234375, 0.73533203125, 0.6027148437500001, 0.7321875, 0.593623046875, 0.72728515625, 0.588017578125, 0.726240234375, 0.579970703125, 0.7234375, 0.57296875, 0.72029296875, 0.559326171875, 0.714345703125, 0.546025390625, 0.709794921875, 0.53623046875, 0.706640625, 0.5246875, 0.70244140625, 0.5159374999999999, 0.699990234375, 0.509638671875, 0.704189453125, 0.50404296875, 0.705595703125, 0.501943359375, 0.708046875, 0.50298828125, 0.697548828125, 0.501591796875, 0.68740234375, 0.504384765625, 0.679345703125, 0.50369140625, 0.66884765625, 0.5054394531249999, 0.6573046875, 0.504736328125, 0.6492578125], [0.490390625, 0.641904296875, 0.476396484375, 0.642958984375, 0.463798828125, 0.642958984375, 0.450498046875, 0.64470703125, 0.438955078125, 0.646806640625, 0.42951171875, 0.64890625, 0.41970703125, 0.651005859375, 0.41271484375, 0.6566015625, 0.4001171875, 0.6646484375, 0.392412109375, 0.67060546875, 0.38646484375, 0.675146484375, 0.381220703125, 0.680048828125, 0.375615234375, 0.684951171875, 0.36966796875, 0.69125, 0.364072265625, 0.696845703125, 0.3577734375, 0.7069921875, 0.35427734375, 0.7157421875, 0.35392578125, 0.724140625, 0.35357421875, 0.734990234375, 0.35671875, 0.742685546875, 0.359169921875, 0.748984375, 0.363369140625, 0.75703125, 0.368271484375, 0.7647265625, 0.37421875, 0.775927734375, 0.380869140625, 0.783271484375, 0.38681640625, 0.7895703125, 0.3990625, 0.797626953125, 0.409560546875, 0.80357421875, 0.4162109375, 0.805673828125, 0.430556640625, 0.81091796875, 0.442451171875, 0.81197265625, 0.451201171875, 0.812314453125, 0.465546875, 0.814072265625, 0.47814453125, 0.808818359375, 0.48724609375, 0.804619140625, 0.492490234375, 0.804267578125, 0.492490234375, 0.801826171875, 0.491796875, 0.79482421875, 0.484091796875, 0.79482421875, 0.474296875, 0.79412109375, 0.46275390625, 0.789921875, 0.45365234375, 0.78712890625, 0.446298828125, 0.783974609375, 0.439658203125, 0.7815234375, 0.43265625, 0.77697265625, 0.424609375, 0.77033203125, 0.417958984375, 0.765078125, 0.41095703125, 0.762978515625, 0.40396484375, 0.758427734375, 0.396611328125, 0.755283203125, 0.389619140625, 0.751083984375, 0.384716796875, 0.746533203125, 0.3826171875, 0.742333984375, 0.385771484375, 0.73953125, 0.388916015625, 0.73533203125, 0.39556640625, 0.7321875, 0.404658203125, 0.72728515625, 0.410263671875, 0.726240234375, 0.418310546875, 0.7234375, 0.4253125, 0.72029296875, 0.438955078125, 0.714345703125, 0.452255859375, 0.709794921875, 0.46205078125, 0.706640625, 0.47359375, 0.70244140625, 0.48234375, 0.699990234375, 0.488642578125, 0.704189453125, 0.49423828125, 0.705595703125, 0.496337890625, 0.708046875, 0.49529296875, 0.697548828125, 0.496689453125, 0.68740234375, 0.493896484375, 0.679345703125, 0.49458984375, 0.66884765625, 0.492841796875, 0.6573046875, 0.493544921875, 0.6492578125]]",Lips,Obicularis Oris,,,,
40,"[[0.6220703125, 0.730078125, 0.61728515625, 0.73037109375, 0.612109375, 0.73056640625, 0.6078125000000001, 0.7333984375, 0.60478515625, 0.737109375, 0.6043945312500001, 0.74140625, 0.60419921875, 0.74501953125, 0.6048828125000001, 0.74873046875, 0.60771484375, 0.75068359375, 0.6112304687500001, 0.75302734375, 0.6169921875, 0.755078125, 0.6214843750000001, 0.75498046875, 0.62568359375, 0.75224609375, 0.62861328125, 0.74873046875, 0.6302734375000001, 0.7443359375, 0.63046875, 0.7392578125, 0.628515625, 0.73564453125, 0.62529296875, 0.7328125], [0.3762109375, 0.730078125, 0.38099609375, 0.73037109375, 0.386171875, 0.73056640625, 0.39046875, 0.7333984375, 0.39349609375, 0.737109375, 0.39388671875, 0.74140625, 0.39408203125, 0.74501953125, 0.3933984375, 0.74873046875, 0.39056640625, 0.75068359375, 0.38705078125, 0.75302734375, 0.3812890625, 0.755078125, 0.376796875, 0.75498046875, 0.37259765625, 0.75224609375, 0.36966796875, 0.74873046875, 0.3680078125, 0.7443359375, 0.3678125, 0.7392578125, 0.369765625, 0.73564453125, 0.37298828125, 0.7328125]]",Lips,Oral Commissure,,,,
33,"[[0.562294921875, 0.444130859375, 0.56375, 0.436572265625, 0.5675292968750001, 0.4319140625, 0.575966796875, 0.4234765625, 0.587900390625, 0.412705078125, 0.596630859375, 0.404853515625, 0.603037109375, 0.39931640625, 0.61234375, 0.394951171875, 0.620498046875, 0.39205078125, 0.637958984375, 0.387685546875, 0.6510449218750001, 0.38796875, 0.66705078125, 0.389140625, 0.677822265625, 0.392919921875, 0.6868457031249999, 0.39669921875, 0.695283203125, 0.401064453125, 0.706630859375, 0.410380859375, 0.712744140625, 0.416201171875, 0.718271484375, 0.4255078125, 0.7203125, 0.430751953125, 0.720595703125, 0.438896484375, 0.721181640625, 0.445009765625, 0.718564453125, 0.453740234375, 0.7156542968749999, 0.459267578125, 0.7112890625, 0.465087890625, 0.706337890625, 0.470615234375, 0.7016796875, 0.4752734375, 0.695576171875, 0.48021484375, 0.6880078125, 0.4837109375, 0.681025390625, 0.486328125, 0.6722949218750001, 0.4889453125, 0.665888671875, 0.490400390625, 0.65658203125, 0.492734375, 0.648134765625, 0.4921484375, 0.64203125, 0.4921484375, 0.633876953125, 0.492734375, 0.628056640625, 0.491279296875, 0.6216601562499999, 0.490400390625, 0.617294921875, 0.488662109375, 0.6103125, 0.4869140625, 0.605654296875, 0.4837109375, 0.599833984375, 0.48138671875, 0.594599609375, 0.479345703125, 0.587900390625, 0.477021484375, 0.5826660156250001, 0.474111328125, 0.576845703125, 0.471201171875, 0.573056640625, 0.46625, 0.56869140625, 0.461015625, 0.5646191406250001, 0.456650390625, 0.562001953125, 0.452578125, 0.561708984375, 0.448212890625, 0.5643359375, 0.446171875, 0.568408203125, 0.44646484375, 0.570439453125, 0.450830078125, 0.5727734375, 0.45751953125, 0.578876953125, 0.46013671875, 0.5873242187500001, 0.46072265625, 0.5960546875, 0.462470703125, 0.60361328125, 0.463046875, 0.6129296875, 0.465380859375, 0.621953125, 0.46654296875, 0.631845703125, 0.46654296875, 0.639990234375, 0.46712890625, 0.649306640625, 0.4668359375, 0.6574609375, 0.46357421875, 0.66705078125, 0.462177734375, 0.675498046875, 0.4604296875, 0.68421875, 0.456650390625, 0.6888769531250001, 0.453154296875, 0.69673828125, 0.447626953125, 0.69091796875, 0.44296875, 0.6848046875, 0.437734375, 0.680439453125, 0.433662109375, 0.6737500000000001, 0.429296875, 0.66705078125, 0.42609375, 0.65919921875, 0.42376953125, 0.6525000000000001, 0.421142578125, 0.645224609375, 0.421142578125, 0.637080078125, 0.4202734375, 0.6292285156249999, 0.4202734375, 0.6231152343749999, 0.422314453125, 0.617294921875, 0.424931640625, 0.610888671875, 0.42841796875, 0.605947265625, 0.431328125, 0.6012890625, 0.435693359375, 0.597216796875, 0.44005859375, 0.592265625, 0.4435546875, 0.5873242187500001, 0.4467578125, 0.5832421875, 0.450244140625, 0.5826660156250001, 0.45140625, 0.5783007812500001, 0.456357421875, 0.5748046875, 0.4583984375, 0.5727734375, 0.454033203125, 0.56986328125, 0.447626953125], [0.435986328125, 0.444130859375, 0.43453125, 0.436572265625, 0.430751953125, 0.4319140625, 0.422314453125, 0.4234765625, 0.410380859375, 0.412705078125, 0.401650390625, 0.404853515625, 0.395244140625, 0.39931640625, 0.3859375, 0.394951171875, 0.377783203125, 0.39205078125, 0.360322265625, 0.387685546875, 0.347236328125, 0.38796875, 0.33123046875, 0.389140625, 0.320458984375, 0.392919921875, 0.311435546875, 0.39669921875, 0.302998046875, 0.401064453125, 0.291650390625, 0.410380859375, 0.285537109375, 0.416201171875, 0.280009765625, 0.4255078125, 0.27796875, 0.430751953125, 0.277685546875, 0.438896484375, 0.277099609375, 0.445009765625, 0.279716796875, 0.453740234375, 0.282626953125, 0.459267578125, 0.2869921875, 0.465087890625, 0.291943359375, 0.470615234375, 0.2966015625, 0.4752734375, 0.302705078125, 0.48021484375, 0.3102734375, 0.4837109375, 0.317255859375, 0.486328125, 0.325986328125, 0.4889453125, 0.332392578125, 0.490400390625, 0.34169921875, 0.492734375, 0.350146484375, 0.4921484375, 0.35625, 0.4921484375, 0.364404296875, 0.492734375, 0.370224609375, 0.491279296875, 0.37662109375, 0.490400390625, 0.380986328125, 0.488662109375, 0.38796875, 0.4869140625, 0.392626953125, 0.4837109375, 0.398447265625, 0.48138671875, 0.403681640625, 0.479345703125, 0.410380859375, 0.477021484375, 0.415615234375, 0.474111328125, 0.421435546875, 0.471201171875, 0.425224609375, 0.46625, 0.42958984375, 0.461015625, 0.433662109375, 0.456650390625, 0.436279296875, 0.452578125, 0.436572265625, 0.448212890625, 0.4339453125, 0.446171875, 0.429873046875, 0.44646484375, 0.427841796875, 0.450830078125, 0.4255078125, 0.45751953125, 0.419404296875, 0.46013671875, 0.41095703125, 0.46072265625, 0.4022265625, 0.462470703125, 0.39466796875, 0.463046875, 0.3853515625, 0.465380859375, 0.376328125, 0.46654296875, 0.366435546875, 0.46654296875, 0.358291015625, 0.46712890625, 0.348974609375, 0.4668359375, 0.3408203125, 0.46357421875, 0.33123046875, 0.462177734375, 0.322783203125, 0.4604296875, 0.3140625, 0.456650390625, 0.309404296875, 0.453154296875, 0.30154296875, 0.447626953125, 0.30736328125, 0.44296875, 0.3134765625, 0.437734375, 0.317841796875, 0.433662109375, 0.32453125, 0.429296875, 0.33123046875, 0.42609375, 0.33908203125, 0.42376953125, 0.34578125, 0.421142578125, 0.353056640625, 0.421142578125, 0.361201171875, 0.4202734375, 0.369052734375, 0.4202734375, 0.375166015625, 0.422314453125, 0.380986328125, 0.424931640625, 0.387392578125, 0.42841796875, 0.392333984375, 0.431328125, 0.3969921875, 0.435693359375, 0.401064453125, 0.44005859375, 0.406015625, 0.4435546875, 0.41095703125, 0.4467578125, 0.4150390625, 0.450244140625, 0.415615234375, 0.45140625, 0.41998046875, 0.456357421875, 0.4234765625, 0.4583984375, 0.4255078125, 0.454033203125, 0.42841796875, 0.447626953125]]",Eye,Orbiculi Pelperbal,,,,
25,"[[0.36814453125, 0.34599609375, 0.348828125, 0.33935546875, 0.3283203125, 0.338154296875, 0.313232421875, 0.338154296875, 0.29814453125, 0.342373046875, 0.283662109375, 0.349619140625, 0.272802734375, 0.3574609375, 0.2649609375, 0.36892578125, 0.25771484375, 0.38521484375, 0.25228515625, 0.400908203125, 0.25107421875, 0.418408203125, 0.249267578125, 0.432890625, 0.249873046875, 0.447978515625, 0.2516796875, 0.46125, 0.254697265625, 0.475126953125, 0.25849609375, 0.49013671875, 0.26435546875, 0.5033203125, 0.27099609375, 0.5125390625, 0.278232421875, 0.520986328125, 0.28623046875, 0.528515625, 0.29875, 0.53546875, 0.309609375, 0.539697265625, 0.319267578125, 0.542109375, 0.336162109375, 0.543916015625, 0.346416015625, 0.543916015625, 0.358486328125, 0.543310546875, 0.371162109375, 0.538486328125, 0.38505859375, 0.53310546875, 0.398916015625, 0.52400390625, 0.411591796875, 0.515556640625, 0.41943359375, 0.508916015625, 0.42607421875, 0.50107421875, 0.432109375, 0.49142578125, 0.43693359375, 0.4841796875, 0.44236328125, 0.474521484375, 0.4483984375, 0.459443359375, 0.449599609375, 0.4491796875, 0.4471875, 0.44375, 0.439345703125, 0.446767578125, 0.43572265625, 0.45521484375, 0.426669921875, 0.463662109375, 0.417021484375, 0.47392578125, 0.398310546875, 0.481767578125, 0.38564453125, 0.486591796875, 0.37296875, 0.4908203125, 0.359697265625, 0.4908203125, 0.342802734375, 0.49142578125, 0.327109375, 0.487197265625, 0.312626953125, 0.48296875, 0.30296875, 0.47814453125, 0.294521484375, 0.472109375, 0.285478515625, 0.4624609375, 0.28185546875, 0.4558203125, 0.278837890625, 0.44978515625, 0.278837890625, 0.43953125, 0.2824609375, 0.423837890625, 0.29208984375, 0.4111328125, 0.305390625, 0.399697265625, 0.32228515625, 0.39306640625, 0.336767578125, 0.389443359375, 0.351845703125, 0.388232421875, 0.365732421875, 0.389443359375, 0.380810546875, 0.394267578125, 0.3958984375, 0.399697265625, 0.4067578125, 0.40875, 0.416416015625, 0.417197265625, 0.42607421875, 0.42685546875, 0.433916015625, 0.435302734375, 0.438134765625, 0.44375, 0.445380859375, 0.441943359375, 0.44779296875, 0.435908203125, 0.44779296875, 0.42685546875, 0.446591796875, 0.4166015625, 0.4417578125, 0.407548828125, 0.434521484375, 0.394873046875, 0.42546875, 0.38642578125, 0.41279296875, 0.37375, 0.4025390625, 0.36228515625, 0.392275390625, 0.356259765625, 0.381416015625, 0.3508203125], [0.63013671875, 0.34599609375, 0.649453125, 0.33935546875, 0.6699609375, 0.338154296875, 0.685048828125, 0.338154296875, 0.70013671875, 0.342373046875, 0.714619140625, 0.349619140625, 0.725478515625, 0.3574609375, 0.7333203125000001, 0.36892578125, 0.74056640625, 0.38521484375, 0.7459960937500001, 0.400908203125, 0.74720703125, 0.418408203125, 0.749013671875, 0.432890625, 0.748408203125, 0.447978515625, 0.7466015625, 0.46125, 0.7435839843750001, 0.475126953125, 0.73978515625, 0.49013671875, 0.73392578125, 0.5033203125, 0.72728515625, 0.5125390625, 0.7200488281249999, 0.520986328125, 0.71205078125, 0.528515625, 0.6995312499999999, 0.53546875, 0.688671875, 0.539697265625, 0.679013671875, 0.542109375, 0.662119140625, 0.543916015625, 0.651865234375, 0.543916015625, 0.6397949218750001, 0.543310546875, 0.6271191406250001, 0.538486328125, 0.61322265625, 0.53310546875, 0.599365234375, 0.52400390625, 0.586689453125, 0.515556640625, 0.57884765625, 0.508916015625, 0.57220703125, 0.50107421875, 0.566171875, 0.49142578125, 0.5613476562499999, 0.4841796875, 0.55591796875, 0.474521484375, 0.5498828124999999, 0.459443359375, 0.548681640625, 0.4491796875, 0.5510937499999999, 0.44375, 0.558935546875, 0.446767578125, 0.56255859375, 0.45521484375, 0.5716113281249999, 0.463662109375, 0.581259765625, 0.47392578125, 0.599970703125, 0.481767578125, 0.61263671875, 0.486591796875, 0.6253124999999999, 0.4908203125, 0.6385839843750001, 0.4908203125, 0.655478515625, 0.49142578125, 0.671171875, 0.487197265625, 0.685654296875, 0.48296875, 0.6953125, 0.47814453125, 0.7037597656250001, 0.472109375, 0.7128027343750001, 0.4624609375, 0.71642578125, 0.4558203125, 0.719443359375, 0.44978515625, 0.719443359375, 0.43953125, 0.7158203125, 0.423837890625, 0.70619140625, 0.4111328125, 0.692890625, 0.399697265625, 0.67599609375, 0.39306640625, 0.661513671875, 0.389443359375, 0.646435546875, 0.388232421875, 0.632548828125, 0.389443359375, 0.617470703125, 0.394267578125, 0.6023828125, 0.399697265625, 0.5915234375, 0.40875, 0.5818652343749999, 0.417197265625, 0.57220703125, 0.42685546875, 0.5643652343750001, 0.435302734375, 0.560146484375, 0.44375, 0.5529003906250001, 0.441943359375, 0.55048828125, 0.435908203125, 0.55048828125, 0.42685546875, 0.5516894531250001, 0.4166015625, 0.5565234375, 0.407548828125, 0.563759765625, 0.394873046875, 0.5728125, 0.38642578125, 0.58548828125, 0.37375, 0.5957421875, 0.36228515625, 0.606005859375, 0.356259765625, 0.6168652343750001, 0.3508203125]]",Eye,Orbital Oculi,,,,
36,"[[0.5387109375, 0.688671875, 0.53724609375, 0.69208984375, 0.53646484375, 0.69443359375, 0.53568359375, 0.69755859375, 0.53529296875, 0.700390625, 0.5351953125, 0.70361328125, 0.53509765625, 0.70654296875, 0.5300390625, 0.70517578125, 0.525146484375, 0.70447265625, 0.518515625, 0.704130859375, 0.51328125, 0.70482421875, 0.50978515625, 0.707275390625, 0.50734375, 0.708671875, 0.502451171875, 0.71111328125, 0.502802734375, 0.70203125, 0.5034960937499999, 0.6964453125, 0.5034960937499999, 0.689462890625, 0.502802734375, 0.68421875, 0.5017578125, 0.677939453125, 0.5020996093750001, 0.6726953125, 0.50140625, 0.6681640625, 0.5010546874999999, 0.661171875, 0.5010546874999999, 0.655244140625, 0.5010546874999999, 0.6503515625, 0.5010546874999999, 0.64685546875, 0.503154296875, 0.6451171875, 0.505947265625, 0.6496484375, 0.507685546875, 0.6555859375, 0.510830078125, 0.661171875, 0.51328125, 0.665712890625, 0.518515625, 0.668857421875, 0.523056640625, 0.672001953125, 0.5272460937500001, 0.674443359375, 0.53318359375, 0.67654296875, 0.5428125, 0.67958984375, 0.54095703125, 0.68359375, 0.53978515625, 0.6861328125], [0.4595703125, 0.688671875, 0.46103515625, 0.69208984375, 0.46181640625, 0.69443359375, 0.46259765625, 0.69755859375, 0.46298828125, 0.700390625, 0.4630859375, 0.70361328125, 0.46318359375, 0.70654296875, 0.4682421875, 0.70517578125, 0.473134765625, 0.70447265625, 0.479765625, 0.704130859375, 0.485, 0.70482421875, 0.48849609375, 0.707275390625, 0.4909375, 0.708671875, 0.495830078125, 0.71111328125, 0.495478515625, 0.70203125, 0.49478515625, 0.6964453125, 0.49478515625, 0.689462890625, 0.495478515625, 0.68421875, 0.4965234375, 0.677939453125, 0.496181640625, 0.6726953125, 0.496875, 0.6681640625, 0.4972265625, 0.661171875, 0.4972265625, 0.655244140625, 0.4972265625, 0.6503515625, 0.4972265625, 0.64685546875, 0.495126953125, 0.6451171875, 0.492333984375, 0.6496484375, 0.490595703125, 0.6555859375, 0.487451171875, 0.661171875, 0.485, 0.665712890625, 0.479765625, 0.668857421875, 0.475224609375, 0.672001953125, 0.47103515625, 0.674443359375, 0.46509765625, 0.67654296875, 0.45546875, 0.67958984375, 0.45732421875, 0.68359375, 0.45849609375, 0.6861328125]]",Lips,Philtral Columns,,,,
27,"[[0.28, 0.795224609375, 0.28708984375, 0.793876953125, 0.2941796875, 0.790166015625, 0.305146484375, 0.78375, 0.31138671875, 0.77716796875, 0.31712890625, 0.772783203125, 0.32404296875, 0.767724609375, 0.33029296875, 0.763671875, 0.338388671875, 0.7567578125, 0.34140625, 0.7546875, 0.340244140625, 0.765869140625, 0.338388671875, 0.773291015625, 0.33873046875, 0.781220703125, 0.338046875, 0.7894921875, 0.33873046875, 0.79978515625, 0.337880859375, 0.809912109375, 0.33822265625, 0.819189453125, 0.33771484375, 0.829482421875, 0.33837890625, 0.83505859375, 0.3392578125, 0.8416015625, 0.34193359375, 0.848720703125, 0.343955078125, 0.853447265625, 0.346826171875, 0.8575, 0.349697265625, 0.86154296875, 0.351884765625, 0.86458984375, 0.353408203125, 0.867626953125, 0.354921875, 0.870830078125, 0.3490234375, 0.872685546875, 0.34142578125, 0.866611328125, 0.33822265625, 0.865263671875, 0.334169921875, 0.86171875, 0.3301171875, 0.858173828125, 0.32607421875, 0.855810546875, 0.322529296875, 0.852099609375, 0.3194921875, 0.8485546875, 0.316279296875, 0.845009765625, 0.31103515625, 0.8408203125, 0.306494140625, 0.835732421875, 0.300927734375, 0.830498046875, 0.298056640625, 0.825263671875, 0.2941796875, 0.818857421875, 0.29181640625, 0.8153125, 0.2884375, 0.811259765625, 0.28556640625, 0.8053515625, 0.28236328125, 0.799111328125], [0.71828125, 0.795224609375, 0.71119140625, 0.793876953125, 0.7041015625, 0.790166015625, 0.693134765625, 0.78375, 0.68689453125, 0.77716796875, 0.68115234375, 0.772783203125, 0.6742382812500001, 0.767724609375, 0.66798828125, 0.763671875, 0.659892578125, 0.7567578125, 0.656875, 0.7546875, 0.6580371093749999, 0.765869140625, 0.659892578125, 0.773291015625, 0.65955078125, 0.781220703125, 0.6602343749999999, 0.7894921875, 0.65955078125, 0.79978515625, 0.660400390625, 0.809912109375, 0.6600585937500001, 0.819189453125, 0.6605664062500001, 0.829482421875, 0.65990234375, 0.83505859375, 0.6590234375, 0.8416015625, 0.65634765625, 0.848720703125, 0.654326171875, 0.853447265625, 0.651455078125, 0.8575, 0.6485839843750001, 0.86154296875, 0.6463964843750001, 0.86458984375, 0.644873046875, 0.867626953125, 0.643359375, 0.870830078125, 0.6492578125, 0.872685546875, 0.65685546875, 0.866611328125, 0.6600585937500001, 0.865263671875, 0.664111328125, 0.86171875, 0.6681640625, 0.858173828125, 0.67220703125, 0.855810546875, 0.675751953125, 0.852099609375, 0.6787890624999999, 0.8485546875, 0.682001953125, 0.845009765625, 0.68724609375, 0.8408203125, 0.691787109375, 0.835732421875, 0.697353515625, 0.830498046875, 0.700224609375, 0.825263671875, 0.7041015625, 0.818857421875, 0.7064648437500001, 0.8153125, 0.70984375, 0.811259765625, 0.7127148437499999, 0.8053515625, 0.71591796875, 0.799111328125]]",Unknown,Platysma,,,,
28,"[[0.495537109375, 0.268095703125, 0.488994140625, 0.2675390625, 0.481953125, 0.26859375, 0.475927734375, 0.272119140625, 0.4708984375, 0.276591796875, 0.471904296875, 0.28318359375, 0.473916015625, 0.29474609375, 0.4744140625, 0.305302734375, 0.47642578125, 0.3163671875, 0.477939453125, 0.3289453125, 0.477939453125, 0.345537109375, 0.479443359375, 0.359111328125, 0.4789453125, 0.367607421875, 0.479443359375, 0.37771484375, 0.477939453125, 0.38626953125, 0.47693359375, 0.394814453125, 0.477431640625, 0.402861328125, 0.483466796875, 0.3958203125, 0.48798828125, 0.392294921875, 0.495537109375, 0.388779296875, 0.495029296875, 0.321904296875], [0.502744140625, 0.268095703125, 0.509287109375, 0.2675390625, 0.516328125, 0.26859375, 0.522353515625, 0.272119140625, 0.5273828125, 0.276591796875, 0.526376953125, 0.28318359375, 0.524365234375, 0.29474609375, 0.5238671875, 0.305302734375, 0.52185546875, 0.3163671875, 0.5203417968749999, 0.3289453125, 0.5203417968749999, 0.345537109375, 0.518837890625, 0.359111328125, 0.5193359375, 0.367607421875, 0.518837890625, 0.37771484375, 0.5203417968749999, 0.38626953125, 0.52134765625, 0.394814453125, 0.520849609375, 0.402861328125, 0.5148144531250001, 0.3958203125, 0.51029296875, 0.392294921875, 0.502744140625, 0.388779296875, 0.5032519531249999, 0.321904296875]]",Nose,Procerus,,,,
47,"[[0.495, 0.389873046875, 0.49734375, 0.4361328125, 0.497861328125, 0.457578125, 0.492958984375, 0.4588671875, 0.48724609375, 0.4609375, 0.48181640625, 0.4630078125, 0.478486328125, 0.4630078125, 0.479775390625, 0.45783203125, 0.4815625, 0.45060546875, 0.483134765625, 0.4420703125, 0.4815625, 0.435615234375, 0.478486328125, 0.42966796875, 0.476669921875, 0.423466796875, 0.474326171875, 0.41830078125, 0.47380859375, 0.414169921875, 0.474580078125, 0.408994140625, 0.477451171875, 0.403828125, 0.4792578125, 0.3991796875, 0.484423828125, 0.3950390625, 0.490107421875, 0.390908203125], [0.50328125, 0.389873046875, 0.5009375, 0.4361328125, 0.5004199218750001, 0.457578125, 0.505322265625, 0.4588671875, 0.51103515625, 0.4609375, 0.51646484375, 0.4630078125, 0.519794921875, 0.4630078125, 0.518505859375, 0.45783203125, 0.51671875, 0.45060546875, 0.515146484375, 0.4420703125, 0.51671875, 0.435615234375, 0.519794921875, 0.42966796875, 0.521611328125, 0.423466796875, 0.523955078125, 0.41830078125, 0.52447265625, 0.414169921875, 0.523701171875, 0.408994140625, 0.5208300781249999, 0.403828125, 0.5190234375, 0.3991796875, 0.513857421875, 0.3950390625, 0.508173828125, 0.390908203125]]",Nose,Radix,,,,
29,"[[0.35271484375, 0.714375, 0.35052734375, 0.717314453125, 0.3476171875, 0.72189453125, 0.344228515625, 0.726767578125, 0.340341796875, 0.72943359375, 0.33525390625, 0.73283203125, 0.3265234375, 0.7381640625, 0.320458984375, 0.74275390625, 0.31439453125, 0.74517578125, 0.30833984375, 0.7473828125, 0.301787109375, 0.74978515625, 0.29572265625, 0.750048828125, 0.28796875, 0.751240234375, 0.279716796875, 0.75560546875, 0.27462890625, 0.758779296875, 0.269775390625, 0.761201171875, 0.265166015625, 0.763876953125, 0.261044921875, 0.767724609375, 0.2612890625, 0.774765625, 0.26298828125, 0.779130859375, 0.265166015625, 0.78279296875, 0.2658984375, 0.784482421875, 0.27123046875, 0.78982421875, 0.2729296875, 0.7917578125, 0.2753515625, 0.79294921875, 0.277783203125, 0.79515625, 0.281904296875, 0.7946484375, 0.287236328125, 0.79294921875, 0.292333984375, 0.790546875, 0.295478515625, 0.788125, 0.298388671875, 0.786884765625, 0.30203125, 0.7847265625, 0.304453125, 0.78279296875, 0.30712890625, 0.78125, 0.30966796875, 0.77919921875, 0.3119140625, 0.77744140625, 0.31609375, 0.7737890625, 0.317548828125, 0.772607421875, 0.3216796875, 0.7697265625, 0.32412109375, 0.76796875, 0.329921875, 0.763876953125, 0.331611328125, 0.7619140625, 0.33306640625, 0.760693359375, 0.3359375, 0.7583984375, 0.3390625, 0.75556640625, 0.3421875, 0.753515625, 0.3453125, 0.75185546875, 0.34892578125, 0.75009765625, 0.35107421875, 0.7484375, 0.354892578125, 0.745927734375, 0.35853515625, 0.743720703125, 0.36216796875, 0.743720703125, 0.36677734375, 0.742294921875, 0.36896484375, 0.740087890625, 0.3708984375, 0.7379296875, 0.372109375, 0.736474609375, 0.374052734375, 0.73474609375, 0.369443359375, 0.730888671875, 0.36435546875, 0.725078125, 0.359990234375, 0.71998046875, 0.35732421875, 0.715615234375], [0.64556640625, 0.714375, 0.64775390625, 0.717314453125, 0.6506640625, 0.72189453125, 0.654052734375, 0.726767578125, 0.657939453125, 0.72943359375, 0.66302734375, 0.73283203125, 0.6717578125, 0.7381640625, 0.677822265625, 0.74275390625, 0.68388671875, 0.74517578125, 0.68994140625, 0.7473828125, 0.696494140625, 0.74978515625, 0.7025585937500001, 0.750048828125, 0.7103125, 0.751240234375, 0.718564453125, 0.75560546875, 0.72365234375, 0.758779296875, 0.728505859375, 0.761201171875, 0.733115234375, 0.763876953125, 0.7372363281250001, 0.767724609375, 0.7369921875000001, 0.774765625, 0.73529296875, 0.779130859375, 0.733115234375, 0.78279296875, 0.7323828125, 0.784482421875, 0.72705078125, 0.78982421875, 0.7253515625, 0.7917578125, 0.7229296875, 0.79294921875, 0.720498046875, 0.79515625, 0.7163769531249999, 0.7946484375, 0.711044921875, 0.79294921875, 0.705947265625, 0.790546875, 0.7028027343750001, 0.788125, 0.699892578125, 0.786884765625, 0.69625, 0.7847265625, 0.693828125, 0.78279296875, 0.69115234375, 0.78125, 0.68861328125, 0.77919921875, 0.6863671875, 0.77744140625, 0.6821875, 0.7737890625, 0.6807324218749999, 0.772607421875, 0.6766015625, 0.7697265625, 0.67416015625, 0.76796875, 0.6683593750000001, 0.763876953125, 0.6666699218750001, 0.7619140625, 0.6652148437500001, 0.760693359375, 0.66234375, 0.7583984375, 0.65921875, 0.75556640625, 0.65609375, 0.753515625, 0.65296875, 0.75185546875, 0.64935546875, 0.75009765625, 0.64720703125, 0.7484375, 0.6433886718749999, 0.745927734375, 0.63974609375, 0.743720703125, 0.63611328125, 0.743720703125, 0.6315039062500001, 0.742294921875, 0.6293164062500001, 0.740087890625, 0.6273828125, 0.7379296875, 0.626171875, 0.736474609375, 0.624228515625, 0.73474609375, 0.6288378906250001, 0.730888671875, 0.63392578125, 0.725078125, 0.638291015625, 0.71998046875, 0.64095703125, 0.715615234375]]",Cheek,Risorius,,,,
34,"[[0.227666015625, 0.15646484375, 0.2204296875, 0.165517578125, 0.20775390625, 0.1787890625, 0.19689453125, 0.193271484375, 0.187236328125, 0.20232421875, 0.176376953125, 0.21439453125, 0.169736328125, 0.233095703125, 0.16611328125, 0.24306640625, 0.16435546875, 0.25439453125, 0.16279296875, 0.266015625, 0.162109375, 0.27607421875, 0.162890625, 0.28583984375, 0.1634765625, 0.29580078125, 0.16669921875, 0.3052734375, 0.1701171875, 0.31513671875, 0.17396484375, 0.32361328125, 0.17818359375, 0.330244140625, 0.182412109375, 0.338095703125, 0.187841796875, 0.3459375, 0.19146484375, 0.352578125, 0.1975, 0.365849609375, 0.203125, 0.37841796875, 0.208359375, 0.391796875, 0.211376953125, 0.40205078125, 0.212578125, 0.411708984375, 0.21494140625, 0.42314453125, 0.21494140625, 0.43466796875, 0.2158203125, 0.44345703125, 0.216806640625, 0.45515625, 0.216806640625, 0.462392578125, 0.215595703125, 0.468427734375, 0.226455078125, 0.46541015625, 0.2312890625, 0.45998046875, 0.2355078125, 0.45455078125, 0.240341796875, 0.4497265625, 0.2421484375, 0.44248046875, 0.245771484375, 0.43283203125, 0.24818359375, 0.426796875, 0.251201171875, 0.421962890625, 0.251806640625, 0.41533203125, 0.251806640625, 0.401455078125, 0.257841796875, 0.38697265625, 0.26025390625, 0.38154296875, 0.263271484375, 0.3755078125, 0.267490234375, 0.370078125, 0.268701171875, 0.36404296875, 0.272919921875, 0.342314453125, 0.274130859375, 0.32783203125, 0.27654296875, 0.3163671875, 0.278349609375, 0.307314453125, 0.278349609375, 0.2988671875, 0.2771484375, 0.27775390625, 0.2759375, 0.260849609375, 0.2759375, 0.249990234375, 0.2759375, 0.243359375, 0.272919921875, 0.233095703125, 0.26990234375, 0.217412109375, 0.26447265625, 0.20232421875, 0.257841796875, 0.190859375, 0.2530078125, 0.182412109375, 0.245771484375, 0.17275390625, 0.23732421875, 0.164912109375], [0.770615234375, 0.15646484375, 0.7778515625, 0.165517578125, 0.79052734375, 0.1787890625, 0.80138671875, 0.193271484375, 0.811044921875, 0.20232421875, 0.821904296875, 0.21439453125, 0.8285449218750001, 0.233095703125, 0.83216796875, 0.24306640625, 0.83392578125, 0.25439453125, 0.83548828125, 0.266015625, 0.836171875, 0.27607421875, 0.835390625, 0.28583984375, 0.8348046875, 0.29580078125, 0.83158203125, 0.3052734375, 0.8281640625, 0.31513671875, 0.82431640625, 0.32361328125, 0.82009765625, 0.330244140625, 0.815869140625, 0.338095703125, 0.810439453125, 0.3459375, 0.8068164062500001, 0.352578125, 0.80078125, 0.365849609375, 0.79515625, 0.37841796875, 0.789921875, 0.391796875, 0.786904296875, 0.40205078125, 0.785703125, 0.411708984375, 0.78333984375, 0.42314453125, 0.78333984375, 0.43466796875, 0.7824609375, 0.44345703125, 0.781474609375, 0.45515625, 0.781474609375, 0.462392578125, 0.782685546875, 0.468427734375, 0.771826171875, 0.46541015625, 0.7669921875, 0.45998046875, 0.7627734375, 0.45455078125, 0.757939453125, 0.4497265625, 0.7561328125, 0.44248046875, 0.752509765625, 0.43283203125, 0.75009765625, 0.426796875, 0.747080078125, 0.421962890625, 0.746474609375, 0.41533203125, 0.746474609375, 0.401455078125, 0.740439453125, 0.38697265625, 0.73802734375, 0.38154296875, 0.7350097656250001, 0.3755078125, 0.7307910156249999, 0.370078125, 0.729580078125, 0.36404296875, 0.725361328125, 0.342314453125, 0.724150390625, 0.32783203125, 0.72173828125, 0.3163671875, 0.719931640625, 0.307314453125, 0.719931640625, 0.2988671875, 0.7211328125, 0.27775390625, 0.7223437500000001, 0.260849609375, 0.7223437500000001, 0.249990234375, 0.7223437500000001, 0.243359375, 0.725361328125, 0.233095703125, 0.72837890625, 0.217412109375, 0.7338085937500001, 0.20232421875, 0.740439453125, 0.190859375, 0.7452734375000001, 0.182412109375, 0.752509765625, 0.17275390625, 0.76095703125, 0.164912109375]]",Temples,Temporalis,,,,
42,"[[0.504658203125, 0.74318359375, 0.504150390625, 0.752236328125, 0.502646484375, 0.760283203125, 0.50314453125, 0.768837890625, 0.504658203125, 0.77537109375, 0.504658203125, 0.781904296875, 0.5051171875, 0.78798828125, 0.50462890625, 0.79345703125, 0.5223046875, 0.7919921875, 0.53080078125, 0.7904296875, 0.53880859375, 0.7884765625, 0.5459375, 0.7849609375, 0.55345703125, 0.780859375, 0.56244140625, 0.77685546875, 0.5725, 0.76884765625, 0.5775683593750001, 0.764306640625, 0.5851171875000001, 0.7612890625, 0.59265625, 0.7577734375, 0.59818359375, 0.754755859375, 0.6047265625, 0.750732421875, 0.6112597656250001, 0.74771484375, 0.6127734375, 0.745703125, 0.5966796875, 0.745703125, 0.5820996093749999, 0.74921875, 0.571533203125, 0.74921875, 0.563486328125, 0.74771484375, 0.553935546875, 0.7451953125, 0.545888671875, 0.74318359375, 0.53734375, 0.741181640625, 0.5328125, 0.740673828125, 0.52728515625, 0.740673828125, 0.520751953125, 0.742177734375, 0.5147167968749999, 0.74318359375], [0.493623046875, 0.74318359375, 0.494130859375, 0.752236328125, 0.495634765625, 0.760283203125, 0.49513671875, 0.768837890625, 0.493623046875, 0.77537109375, 0.493623046875, 0.781904296875, 0.4931640625, 0.78798828125, 0.49365234375, 0.79345703125, 0.4759765625, 0.7919921875, 0.46748046875, 0.7904296875, 0.45947265625, 0.7884765625, 0.45234375, 0.7849609375, 0.44482421875, 0.780859375, 0.43583984375, 0.77685546875, 0.42578125, 0.76884765625, 0.420712890625, 0.764306640625, 0.4131640625, 0.7612890625, 0.405625, 0.7577734375, 0.40009765625, 0.754755859375, 0.3935546875, 0.750732421875, 0.387021484375, 0.74771484375, 0.3855078125, 0.745703125, 0.4016015625, 0.745703125, 0.416181640625, 0.74921875, 0.426748046875, 0.74921875, 0.434794921875, 0.74771484375, 0.444345703125, 0.7451953125, 0.452392578125, 0.74318359375, 0.4609375, 0.741181640625, 0.46546875, 0.740673828125, 0.47099609375, 0.740673828125, 0.477529296875, 0.742177734375, 0.483564453125, 0.74318359375]]",Lower lip,Tubercles Lower,,,,
41,"[[0.495078125, 0.71130859375, 0.48955078125, 0.7052734375, 0.4840234375, 0.70326171875, 0.478994140625, 0.702763671875, 0.47396484375, 0.70326171875, 0.470439453125, 0.704267578125, 0.46541015625, 0.7052734375, 0.462392578125, 0.706279296875, 0.458876953125, 0.707783203125, 0.45384765625, 0.710302734375, 0.4478125, 0.71130859375, 0.44228515625, 0.714326171875, 0.437255859375, 0.7168359375, 0.431220703125, 0.71884765625, 0.425693359375, 0.721865234375, 0.417138671875, 0.725390625, 0.409599609375, 0.72689453125, 0.4000390625, 0.7294140625, 0.3884765625, 0.734443359375, 0.381943359375, 0.74298828125, 0.384453125, 0.743994140625, 0.389482421875, 0.745498046875, 0.396025390625, 0.746005859375, 0.40255859375, 0.745, 0.41009765625, 0.745498046875, 0.419150390625, 0.748515625, 0.42669921875, 0.747509765625, 0.43373046875, 0.74650390625, 0.444296875, 0.7444921875, 0.451337890625, 0.74248046875, 0.46138671875, 0.741474609375, 0.46994140625, 0.741474609375, 0.4759765625, 0.741982421875, 0.48150390625, 0.74298828125, 0.492060546875, 0.743994140625, 0.494580078125, 0.741474609375, 0.494580078125, 0.73494140625, 0.4955859375, 0.72689453125, 0.4955859375, 0.71935546875], [0.503203125, 0.71130859375, 0.50873046875, 0.7052734375, 0.5142578125, 0.70326171875, 0.519287109375, 0.702763671875, 0.5243164062500001, 0.70326171875, 0.527841796875, 0.704267578125, 0.5328710937500001, 0.7052734375, 0.535888671875, 0.706279296875, 0.539404296875, 0.707783203125, 0.54443359375, 0.710302734375, 0.5504687500000001, 0.71130859375, 0.55599609375, 0.714326171875, 0.561025390625, 0.7168359375, 0.5670605468750001, 0.71884765625, 0.5725878906249999, 0.721865234375, 0.581142578125, 0.725390625, 0.588681640625, 0.72689453125, 0.5982421875, 0.7294140625, 0.6098046875, 0.734443359375, 0.616337890625, 0.74298828125, 0.613828125, 0.743994140625, 0.6087988281250001, 0.745498046875, 0.602255859375, 0.746005859375, 0.59572265625, 0.745, 0.58818359375, 0.745498046875, 0.579130859375, 0.748515625, 0.57158203125, 0.747509765625, 0.56455078125, 0.74650390625, 0.553984375, 0.7444921875, 0.5469433593749999, 0.74248046875, 0.53689453125, 0.741474609375, 0.52833984375, 0.741474609375, 0.5223046875, 0.741982421875, 0.5167773437500001, 0.74298828125, 0.506220703125, 0.743994140625, 0.503701171875, 0.741474609375, 0.503701171875, 0.73494140625, 0.5026953125, 0.72689453125, 0.5026953125, 0.71935546875]]",Lips,Tubercles Upper,,,,
39,"[[0.6127734375, 0.747783203125, 0.6106640624999999, 0.74806640625, 0.608837890625, 0.748212890625, 0.606728515625, 0.74876953125, 0.604755859375, 0.749755859375, 0.602509765625, 0.750322265625, 0.600400390625, 0.751025390625, 0.5982910156250001, 0.751298828125, 0.596455078125, 0.752431640625, 0.594208984375, 0.75298828125, 0.5929394531250001, 0.753408203125, 0.590830078125, 0.7535546875, 0.588583984375, 0.754111328125, 0.586474609375, 0.7549609375, 0.584501953125, 0.756220703125, 0.582255859375, 0.756923828125, 0.580283203125, 0.758056640625, 0.57845703125, 0.759462890625, 0.5764941406249999, 0.760302734375, 0.572548828125, 0.761845703125, 0.5719921875, 0.761845703125, 0.570166015625, 0.76353515625, 0.5681933593749999, 0.764658203125, 0.565947265625, 0.765927734375, 0.563837890625, 0.767333984375, 0.561865234375, 0.7683203125, 0.5598925781249999, 0.769443359375, 0.558212890625, 0.770986328125, 0.556103515625, 0.772119140625, 0.5542675781249999, 0.772958984375, 0.551884765625, 0.773798828125, 0.549345703125, 0.7746484375, 0.54681640625, 0.77548828125, 0.544423828125, 0.775908203125, 0.5424609375, 0.7767578125, 0.5402050781250001, 0.77759765625, 0.537958984375, 0.778447265625, 0.5355664062500001, 0.7788671875, 0.533173828125, 0.779287109375, 0.530791015625, 0.779990234375, 0.5283984374999999, 0.7802734375, 0.52572265625, 0.780693359375, 0.5236132812500001, 0.781396484375, 0.521083984375, 0.781962890625, 0.5189746093750001, 0.782236328125, 0.516865234375, 0.78181640625, 0.516865234375, 0.78181640625, 0.5144726562499999, 0.78181640625, 0.5122265625, 0.78181640625, 0.5101171875, 0.781962890625, 0.5080078125, 0.782236328125, 0.505751953125, 0.782236328125, 0.503369140625, 0.782236328125, 0.50111328125, 0.782939453125, 0.49970703125, 0.784775390625, 0.499287109375, 0.787158203125, 0.49970703125, 0.789697265625, 0.500830078125, 0.791806640625, 0.5025195312499999, 0.793486328125, 0.5040722656250001, 0.79517578125, 0.5058984375, 0.796298828125, 0.508291015625, 0.796298828125, 0.5104003906250001, 0.79587890625, 0.512646484375, 0.79517578125, 0.514892578125, 0.79517578125, 0.5171484375, 0.7950390625, 0.519541015625, 0.794619140625, 0.5199609375, 0.7943359375, 0.522353515625, 0.7943359375, 0.52501953125, 0.794189453125, 0.5272753906250001, 0.793486328125, 0.529521484375, 0.7929296875, 0.531767578125, 0.792509765625, 0.533740234375, 0.7915234375, 0.535849609375, 0.790673828125, 0.537958984375, 0.79025390625, 0.5402050781250001, 0.789697265625, 0.5423144531249999, 0.789267578125, 0.54470703125, 0.788291015625, 0.546962890625, 0.78744140625, 0.549072265625, 0.7866015625, 0.5511816406250001, 0.78603515625, 0.55244140625, 0.785615234375, 0.5548339843750001, 0.785048828125, 0.5568066406250001, 0.783642578125, 0.5587695312500001, 0.78251953125, 0.560322265625, 0.7809765625, 0.56228515625, 0.77970703125, 0.5642578125, 0.77830078125, 0.566220703125, 0.777177734375, 0.5681933593749999, 0.775908203125, 0.5687597656250001, 0.77548828125, 0.5707226562500001, 0.7746484375, 0.573251953125, 0.773525390625, 0.575791015625, 0.772255859375, 0.5776171875, 0.7711328125, 0.579443359375, 0.7697265625, 0.5809863281250001, 0.768037109375, 0.5825390625, 0.7662109375, 0.584228515625, 0.764384765625, 0.584501953125, 0.763955078125, 0.5867578125, 0.763955078125, 0.5888671875, 0.763251953125, 0.591396484375, 0.762275390625, 0.593369140625, 0.76072265625, 0.5956152343750001, 0.759033203125, 0.5980078125, 0.7577734375, 0.6001171875, 0.756650390625, 0.6022265625000001, 0.756083984375, 0.6043359375, 0.754677734375, 0.606162109375, 0.753134765625, 0.608134765625, 0.7521484375, 0.610244140625, 0.7528515625], [0.3855078125, 0.747783203125, 0.3876171875, 0.74806640625, 0.389443359375, 0.748212890625, 0.391552734375, 0.74876953125, 0.393525390625, 0.749755859375, 0.395771484375, 0.750322265625, 0.397880859375, 0.751025390625, 0.399990234375, 0.751298828125, 0.401826171875, 0.752431640625, 0.404072265625, 0.75298828125, 0.405341796875, 0.753408203125, 0.407451171875, 0.7535546875, 0.409697265625, 0.754111328125, 0.411806640625, 0.7549609375, 0.413779296875, 0.756220703125, 0.416025390625, 0.756923828125, 0.417998046875, 0.758056640625, 0.41982421875, 0.759462890625, 0.421787109375, 0.760302734375, 0.425732421875, 0.761845703125, 0.4262890625, 0.761845703125, 0.428115234375, 0.76353515625, 0.430087890625, 0.764658203125, 0.432333984375, 0.765927734375, 0.434443359375, 0.767333984375, 0.436416015625, 0.7683203125, 0.438388671875, 0.769443359375, 0.440068359375, 0.770986328125, 0.442177734375, 0.772119140625, 0.444013671875, 0.772958984375, 0.446396484375, 0.773798828125, 0.448935546875, 0.7746484375, 0.45146484375, 0.77548828125, 0.453857421875, 0.775908203125, 0.4558203125, 0.7767578125, 0.458076171875, 0.77759765625, 0.460322265625, 0.778447265625, 0.46271484375, 0.7788671875, 0.465107421875, 0.779287109375, 0.467490234375, 0.779990234375, 0.4698828125, 0.7802734375, 0.47255859375, 0.780693359375, 0.47466796875, 0.781396484375, 0.477197265625, 0.781962890625, 0.479306640625, 0.782236328125, 0.481416015625, 0.78181640625, 0.481416015625, 0.78181640625, 0.48380859375, 0.78181640625, 0.4860546875, 0.78181640625, 0.4881640625, 0.781962890625, 0.4902734375, 0.782236328125, 0.492529296875, 0.782236328125, 0.494912109375, 0.782236328125, 0.49716796875, 0.782939453125, 0.49857421875, 0.784775390625, 0.498994140625, 0.787158203125, 0.49857421875, 0.789697265625, 0.497451171875, 0.791806640625, 0.49576171875, 0.793486328125, 0.494208984375, 0.79517578125, 0.4923828125, 0.796298828125, 0.489990234375, 0.796298828125, 0.487880859375, 0.79587890625, 0.485634765625, 0.79517578125, 0.483388671875, 0.79517578125, 0.4811328125, 0.7950390625, 0.478740234375, 0.794619140625, 0.4783203125, 0.7943359375, 0.475927734375, 0.7943359375, 0.47326171875, 0.794189453125, 0.471005859375, 0.793486328125, 0.468759765625, 0.7929296875, 0.466513671875, 0.792509765625, 0.464541015625, 0.7915234375, 0.462431640625, 0.790673828125, 0.460322265625, 0.79025390625, 0.458076171875, 0.789697265625, 0.455966796875, 0.789267578125, 0.45357421875, 0.788291015625, 0.451318359375, 0.78744140625, 0.449208984375, 0.7866015625, 0.447099609375, 0.78603515625, 0.44583984375, 0.785615234375, 0.443447265625, 0.785048828125, 0.441474609375, 0.783642578125, 0.43951171875, 0.78251953125, 0.437958984375, 0.7809765625, 0.43599609375, 0.77970703125, 0.4340234375, 0.77830078125, 0.432060546875, 0.777177734375, 0.430087890625, 0.775908203125, 0.429521484375, 0.77548828125, 0.42755859375, 0.7746484375, 0.425029296875, 0.773525390625, 0.422490234375, 0.772255859375, 0.4206640625, 0.7711328125, 0.418837890625, 0.7697265625, 0.417294921875, 0.768037109375, 0.4157421875, 0.7662109375, 0.414052734375, 0.764384765625, 0.413779296875, 0.763955078125, 0.4115234375, 0.763955078125, 0.4094140625, 0.763251953125, 0.406884765625, 0.762275390625, 0.404912109375, 0.76072265625, 0.402666015625, 0.759033203125, 0.4002734375, 0.7577734375, 0.3981640625, 0.756650390625, 0.3960546875, 0.756083984375, 0.3939453125, 0.754677734375, 0.392119140625, 0.753134765625, 0.390146484375, 0.7521484375, 0.388037109375, 0.7528515625]]",Lips,Vermillion Lower,,,,
38,"[[0.58080078125, 0.7187109375, 0.58529296875, 0.72076171875, 0.58998046875, 0.722421875, 0.5969140625, 0.725546875, 0.60365234375, 0.72857421875, 0.606484375, 0.73443359375, 0.604140625, 0.7401953125, 0.5976953125, 0.74, 0.5898828125, 0.73619140625, 0.5824609375, 0.73326171875, 0.57005859375, 0.72671875, 0.56263671875, 0.72291015625, 0.55736328125, 0.720859375, 0.5523828125, 0.71939453125, 0.54701171875, 0.71783203125, 0.541640625, 0.71509765625, 0.5379296875, 0.7116796875, 0.53822265625, 0.70826171875, 0.53890625, 0.70533203125, 0.54330078125, 0.70357421875, 0.54837890625, 0.705625, 0.5521875, 0.70669921875, 0.5574609375, 0.708359375, 0.5625390625, 0.710703125, 0.56869140625, 0.71333984375, 0.57318359375, 0.71451171875], [0.41748046875, 0.7187109375, 0.41298828125, 0.72076171875, 0.40830078125, 0.722421875, 0.4013671875, 0.725546875, 0.39462890625, 0.72857421875, 0.391796875, 0.73443359375, 0.394140625, 0.7401953125, 0.4005859375, 0.74, 0.4083984375, 0.73619140625, 0.4158203125, 0.73326171875, 0.42822265625, 0.72671875, 0.43564453125, 0.72291015625, 0.44091796875, 0.720859375, 0.4458984375, 0.71939453125, 0.45126953125, 0.71783203125, 0.456640625, 0.71509765625, 0.4603515625, 0.7116796875, 0.46005859375, 0.70826171875, 0.459375, 0.70533203125, 0.45498046875, 0.70357421875, 0.44990234375, 0.705625, 0.44609375, 0.70669921875, 0.4408203125, 0.708359375, 0.4357421875, 0.710703125, 0.42958984375, 0.71333984375, 0.42509765625, 0.71451171875]]",Lips,Vermillion Upper,,,,
31,"[[0.391796875, 0.7353515625, 0.38427734375, 0.7396484375, 0.3802734375, 0.742578125, 0.37568359375, 0.73671875, 0.3708984375, 0.73212890625, 0.36630859375, 0.72724609375, 0.36078125, 0.721240234375, 0.35533203125, 0.71537109375, 0.3505859375, 0.709765625, 0.346484375, 0.70576171875, 0.34150390625, 0.700283203125, 0.3360546875, 0.69525390625, 0.33060546875, 0.690224609375, 0.325576171875, 0.685205078125, 0.32001953125, 0.68076171875, 0.31396484375, 0.67568359375, 0.308818359375, 0.669697265625, 0.30001953125, 0.661318359375, 0.291640625, 0.6529296875, 0.28283203125, 0.645390625, 0.27529296875, 0.637431640625, 0.26806640625, 0.63095703125, 0.2626953125, 0.62451171875, 0.25556640625, 0.61337890625, 0.2509765625, 0.6064453125, 0.2484765625, 0.601396484375, 0.245546875, 0.59552734375, 0.24052734375, 0.586328125, 0.236318359375, 0.578759765625, 0.232548828125, 0.57248046875, 0.228779296875, 0.56787109375, 0.2254296875, 0.5641015625, 0.222490234375, 0.559072265625, 0.21998046875, 0.55529296875, 0.2181640625, 0.55068359375, 0.2158203125, 0.54453125, 0.21369140625, 0.5376953125, 0.213271484375, 0.52931640625, 0.212021484375, 0.518837890625, 0.2116015625, 0.510458984375, 0.212861328125, 0.502080078125, 0.2169921875, 0.4962890625, 0.219560546875, 0.508369140625, 0.223330078125, 0.516748046875, 0.22626953125, 0.5238671875, 0.2294921875, 0.52919921875, 0.23212890625, 0.5330078125, 0.23544921875, 0.53759765625, 0.23818359375, 0.54248046875, 0.24189453125, 0.54755859375, 0.24521484375, 0.55263671875, 0.24931640625, 0.55693359375, 0.25478515625, 0.56142578125, 0.26044921875, 0.56552734375, 0.265234375, 0.569921875, 0.26923828125, 0.574609375, 0.2734375, 0.5798828125, 0.278125, 0.584765625, 0.28125, 0.5896484375, 0.2849609375, 0.59443359375, 0.28974609375, 0.6, 0.29443359375, 0.60556640625, 0.29736328125, 0.61083984375, 0.30048828125, 0.615234375, 0.30556640625, 0.621875, 0.310546875, 0.62734375, 0.315625, 0.635546875, 0.32060546875, 0.64228515625, 0.32646484375, 0.64912109375, 0.3314453125, 0.65478515625, 0.3365234375, 0.65986328125, 0.34091796875, 0.66474609375, 0.34482421875, 0.66845703125, 0.3490234375, 0.673046875, 0.35224609375, 0.67705078125, 0.35576171875, 0.68173828125, 0.36005859375, 0.686328125, 0.365234375, 0.691796875, 0.3705078125, 0.6998046875, 0.37568359375, 0.70712890625, 0.37841796875, 0.71171875, 0.382421875, 0.7169921875, 0.3853515625, 0.722265625, 0.3884765625, 0.7283203125], [0.606484375, 0.7353515625, 0.61400390625, 0.7396484375, 0.6180078125, 0.742578125, 0.62259765625, 0.73671875, 0.6273828125, 0.73212890625, 0.63197265625, 0.72724609375, 0.6375, 0.721240234375, 0.64294921875, 0.71537109375, 0.6476953125, 0.709765625, 0.651796875, 0.70576171875, 0.65677734375, 0.700283203125, 0.6622265625, 0.69525390625, 0.66767578125, 0.690224609375, 0.672705078125, 0.685205078125, 0.67826171875, 0.68076171875, 0.68431640625, 0.67568359375, 0.689462890625, 0.669697265625, 0.69826171875, 0.661318359375, 0.706640625, 0.6529296875, 0.71544921875, 0.645390625, 0.72298828125, 0.637431640625, 0.73021484375, 0.63095703125, 0.7355859375, 0.62451171875, 0.74271484375, 0.61337890625, 0.7473046875, 0.6064453125, 0.7498046875, 0.601396484375, 0.752734375, 0.59552734375, 0.75775390625, 0.586328125, 0.761962890625, 0.578759765625, 0.765732421875, 0.57248046875, 0.769501953125, 0.56787109375, 0.7728515625, 0.5641015625, 0.775791015625, 0.559072265625, 0.77830078125, 0.55529296875, 0.7801171875, 0.55068359375, 0.7824609375, 0.54453125, 0.7845898437500001, 0.5376953125, 0.785009765625, 0.52931640625, 0.786259765625, 0.518837890625, 0.7866796875, 0.510458984375, 0.785419921875, 0.502080078125, 0.7812890625, 0.4962890625, 0.778720703125, 0.508369140625, 0.774951171875, 0.516748046875, 0.77201171875, 0.5238671875, 0.7687890625, 0.52919921875, 0.76615234375, 0.5330078125, 0.76283203125, 0.53759765625, 0.76009765625, 0.54248046875, 0.75638671875, 0.54755859375, 0.75306640625, 0.55263671875, 0.74896484375, 0.55693359375, 0.74349609375, 0.56142578125, 0.73783203125, 0.56552734375, 0.733046875, 0.569921875, 0.72904296875, 0.574609375, 0.72484375, 0.5798828125, 0.72015625, 0.584765625, 0.71703125, 0.5896484375, 0.7133203125, 0.59443359375, 0.70853515625, 0.6, 0.70384765625, 0.60556640625, 0.70091796875, 0.61083984375, 0.69779296875, 0.615234375, 0.69271484375, 0.621875, 0.687734375, 0.62734375, 0.68265625, 0.635546875, 0.67767578125, 0.64228515625, 0.67181640625, 0.64912109375, 0.6668359375, 0.65478515625, 0.6617578125, 0.65986328125, 0.65736328125, 0.66474609375, 0.65345703125, 0.66845703125, 0.6492578125, 0.673046875, 0.64603515625, 0.67705078125, 0.64251953125, 0.68173828125, 0.63822265625, 0.686328125, 0.633046875, 0.691796875, 0.6277734375, 0.6998046875, 0.62259765625, 0.70712890625, 0.61986328125, 0.71171875, 0.615859375, 0.7169921875, 0.6129296875, 0.722265625, 0.6098046875, 0.7283203125]]",Cheek,Zygomaticus Major,,,,
32,"[[0.6944824218750001, 0.5398828125, 0.68548828125, 0.5451171875, 0.678359375, 0.55068359375, 0.67005859375, 0.55693359375, 0.65912109375, 0.56494140625, 0.65169921875, 0.5708984375, 0.64701171875, 0.57705078125, 0.63998046875, 0.58515625, 0.63548828125, 0.5951171875, 0.63177734375, 0.60625, 0.6266015625, 0.6158203125, 0.62123046875, 0.6263671875, 0.61654296875, 0.63744140625, 0.608994140625, 0.6475, 0.60296875, 0.657548828125, 0.599951171875, 0.666103515625, 0.594921875, 0.6791796875, 0.590390625, 0.687724609375, 0.587373046875, 0.69828125, 0.5848632812500001, 0.707841796875, 0.58435546875, 0.716884765625, 0.582265625, 0.7240234375, 0.5914453125, 0.7275390625, 0.59955078125, 0.730859375, 0.607265625, 0.73564453125, 0.60892578125, 0.7279296875, 0.61146484375, 0.71435546875, 0.61400390625, 0.705859375, 0.61556640625, 0.698828125, 0.61751953125, 0.6892578125, 0.62083984375, 0.6794921875, 0.6266015625, 0.66865234375, 0.63216796875, 0.66005859375, 0.6375390625, 0.65107421875, 0.64310546875, 0.64326171875, 0.65111328125, 0.6341796875, 0.6578515625, 0.624609375, 0.66380859375, 0.6158203125, 0.670849609375, 0.60978515625, 0.6783886718750001, 0.604248046875, 0.68744140625, 0.5974609375, 0.6965234375, 0.59013671875, 0.7071093749999999, 0.580615234375, 0.7146875, 0.57451171875, 0.7219140625, 0.56806640625, 0.72962890625, 0.5623046875, 0.738515625, 0.55693359375, 0.74798828125, 0.54921875, 0.756875, 0.53935546875, 0.763369140625, 0.5283203125, 0.769404296875, 0.519267578125, 0.77845703125, 0.5087109375, 0.781474609375, 0.499658203125, 0.77845703125, 0.491611328125, 0.77494140625, 0.48708984375, 0.7656640625, 0.478515625, 0.75693359375, 0.470693359375, 0.750849609375, 0.466318359375, 0.743916015625, 0.480244140625, 0.741298828125, 0.494130859375, 0.73783203125, 0.503681640625, 0.731748046875, 0.5123828125, 0.723896484375, 0.520224609375, 0.716103515625, 0.52630859375, 0.70740234375, 0.533251953125], [0.303798828125, 0.5398828125, 0.31279296875, 0.5451171875, 0.319921875, 0.55068359375, 0.32822265625, 0.55693359375, 0.33916015625, 0.56494140625, 0.34658203125, 0.5708984375, 0.35126953125, 0.57705078125, 0.35830078125, 0.58515625, 0.36279296875, 0.5951171875, 0.36650390625, 0.60625, 0.3716796875, 0.6158203125, 0.37705078125, 0.6263671875, 0.38173828125, 0.63744140625, 0.389287109375, 0.6475, 0.3953125, 0.657548828125, 0.398330078125, 0.666103515625, 0.403359375, 0.6791796875, 0.407890625, 0.687724609375, 0.410908203125, 0.69828125, 0.41341796875, 0.707841796875, 0.41392578125, 0.716884765625, 0.416015625, 0.7240234375, 0.4068359375, 0.7275390625, 0.39873046875, 0.730859375, 0.391015625, 0.73564453125, 0.38935546875, 0.7279296875, 0.38681640625, 0.71435546875, 0.38427734375, 0.705859375, 0.38271484375, 0.698828125, 0.38076171875, 0.6892578125, 0.37744140625, 0.6794921875, 0.3716796875, 0.66865234375, 0.36611328125, 0.66005859375, 0.3607421875, 0.65107421875, 0.35517578125, 0.64326171875, 0.34716796875, 0.6341796875, 0.3404296875, 0.624609375, 0.33447265625, 0.6158203125, 0.327431640625, 0.60978515625, 0.319892578125, 0.604248046875, 0.31083984375, 0.5974609375, 0.3017578125, 0.59013671875, 0.291171875, 0.580615234375, 0.28359375, 0.57451171875, 0.2763671875, 0.56806640625, 0.26865234375, 0.5623046875, 0.259765625, 0.55693359375, 0.25029296875, 0.54921875, 0.24140625, 0.53935546875, 0.234912109375, 0.5283203125, 0.228876953125, 0.519267578125, 0.21982421875, 0.5087109375, 0.216806640625, 0.499658203125, 0.21982421875, 0.491611328125, 0.22333984375, 0.48708984375, 0.2326171875, 0.478515625, 0.24134765625, 0.470693359375, 0.247431640625, 0.466318359375, 0.254365234375, 0.480244140625, 0.256982421875, 0.494130859375, 0.26044921875, 0.503681640625, 0.266533203125, 0.5123828125, 0.274384765625, 0.520224609375, 0.282177734375, 0.52630859375, 0.29087890625, 0.533251953125]]",Cheek,Zygomaticus Minor,,,,
