point,x,y,z,timestamp
0,0.4934422969818115,0.7101354598999023,-0.062282923609018326,1732069760975146364
1,0.49650317430496216,0.6176145672798157,-0.1302720308303833,1732069760975803046
2,0.49667808413505554,0.6461958885192871,-0.06394261866807938,1732069760975845660
3,0.47405558824539185,0.5340399146080017,-0.10335248708724976,1732069760975878995
4,0.4962579309940338,0.5923141241073608,-0.14099960029125214,1732069760975910687
5,0.4960406422615051,0.5587875843048096,-0.13352999091148376,1732069760975941477
6,0.4965835213661194,0.4740482568740845,-0.0734417513012886,1732069760975971085
7,0.3142567276954651,0.457821249961853,0.025937408208847046,1732069760976000262
8,0.49657270312309265,0.3992941379547119,-0.06156613677740097,1732069760976029018
9,0.4970250725746155,0.36207854747772217,-0.06951199471950531,1732069760976058115
10,0.49674421548843384,0.22890150547027588,-0.05539817363023758,1732069760976086861
11,0.4932846426963806,0.7216088175773621,-0.05766170471906662,1732069760976116699
12,0.49327051639556885,0.7337053418159485,-0.04798261821269989,1732069760976146878
13,0.4926431477069855,0.7432476878166199,-0.03265184164047241,1732069760976176305
14,0.49423566460609436,0.7445448637008667,-0.03519139811396599,1732069760976206304
15,0.49372702836990356,0.7577589154243469,-0.03474876657128334,1732069760976235471
16,0.4941909611225128,0.7736685276031494,-0.03885110840201378,1732069760976264518
17,0.4942247271537781,0.7902244925498962,-0.034634217619895935,1732069760976293464
18,0.499458372592926,0.8055781126022339,-0.009168073534965515,1732069760976321860
19,0.4968115985393524,0.6321725845336914,-0.11624792963266373,1732069760976350706
20,0.4754917025566101,0.6341726779937744,-0.08108754456043243,1732069760976379482
21,0.20953720808029175,0.3355106711387634,0.13483446836471558,1732069760976408188
22,0.38775843381881714,0.4817875325679779,-0.0004222023708280176,1732069760976436754
23,0.3619946241378784,0.48427343368530273,0.0023584167938679457,1732069760976466041
24,0.33615562319755554,0.483649879693985,0.009869534522294998,1732069760976495218
25,0.302273690700531,0.4666236639022827,0.030734769999980927,1732069760976525267
26,0.4094308316707611,0.4774646759033203,0.0023263662587851286,1732069760976560265
27,0.3405238389968872,0.39416974782943726,-0.011879836209118366,1732069760976590945
28,0.3747864365577698,0.3992058038711548,-0.013065214268863201,1732069760976620503
29,0.3108774423599243,0.3999762535095215,-0.003046066500246525,1732069760976649089
30,0.29292428493499756,0.41267162561416626,0.007527411449700594,1732069760976677625
31,0.281449556350708,0.48214611411094666,0.04485749453306198,1732069760976706120
32,0.4051452577114105,0.8346155285835266,0.027987392619252205,1732069760976744646
33,0.3039901852607727,0.4481712579727173,0.03362271934747696,1732069760976779434
34,0.2083107829093933,0.45368027687072754,0.15576711297035217,1732069760976808250
35,0.2496192902326584,0.4582710266113281,0.06879115104675293,1732069760976836605
36,0.37001967430114746,0.596740186214447,-0.012523717246949673,1732069760976864981
37,0.4627092182636261,0.704071044921875,-0.05840418487787247,1732069760976893647
38,0.46557581424713135,0.7339314222335815,-0.043734487146139145,1732069760976921822
39,0.43284881114959717,0.7153783440589905,-0.04243410751223564,1732069760976950307
40,0.4135569632053375,0.7271064519882202,-0.02424301765859127,1732069760976978723
41,0.4424128830432892,0.7359107732772827,-0.03409615531563759,1732069760977007188
42,0.42436477541923523,0.7395812273025513,-0.017797408625483513,1732069760977035614
43,0.3833152651786804,0.7625903487205505,0.017891524359583855,1732069760977064540
44,0.47702932357788086,0.6175466775894165,-0.12821397185325623,1732069760977093116
45,0.4725319743156433,0.5927652716636658,-0.13744637370109558,1732069760977121171
46,0.2595112919807434,0.3906714916229248,0.012902363203465939,1732069760977149326
47,0.4213244915008545,0.5289216041564941,-0.02289542555809021,1732069760977177762
48,0.4233555793762207,0.6161341071128845,-0.06477349996566772,1732069760977206117
49,0.420458048582077,0.6027624011039734,-0.05832972750067711,1732069760977247037
50,0.29503583908081055,0.5907050371170044,0.02013862505555153,1732069760977276565
51,0.47300153970718384,0.561327338218689,-0.1245633065700531,1732069760977305722
52,0.32000529766082764,0.3627851605415344,-0.03200698643922806,1732069760977333887
53,0.28389328718185425,0.37188810110092163,-0.011300444602966309,1732069760977361921
54,0.2342270016670227,0.29235273599624634,0.08085919171571732,1732069760977390076
55,0.43808814883232117,0.391368567943573,-0.0534181147813797,1732069760977418402
56,0.40350833535194397,0.41563454270362854,-0.005661790259182453,1732069760977446867
57,0.36536505818367004,0.7401683330535889,0.023530764505267143,1732069760977475563
58,0.24093693494796753,0.7078150510787964,0.24685031175613403,1732069760977504590
59,0.44274255633354187,0.6302769184112549,-0.055273834615945816,1732069760977532875
60,0.4604712426662445,0.6371080279350281,-0.05654657259583473,1732069760977561511
61,0.3913094401359558,0.7474693059921265,0.01811755634844303,1732069760977589596
62,0.3968052268028259,0.7464380264282227,0.009914297610521317,1732069760977617961
63,0.26984792947769165,0.3528687059879303,-0.0015264939283952117,1732069760977646036
64,0.4232006371021271,0.6291803121566772,-0.04995857924222946,1732069760977674782
65,0.3704623579978943,0.3674180507659912,-0.04700988531112671,1732069760977702697
66,0.3649533987045288,0.34341496229171753,-0.05403052642941475,1732069760977738787
67,0.3404601812362671,0.23790812492370605,-0.021668359637260437,1732069760977772944
68,0.2513669729232788,0.32155823707580566,0.0328311063349247,1732069760977802061
69,0.3548823595046997,0.28926166892051697,-0.04008695110678673,1732069760977830386
70,0.24425064027309418,0.3766869306564331,0.03118947707116604,1732069760977858752
71,0.22544321417808533,0.35689276456832886,0.08031405508518219,1732069760977886937
72,0.46334725618362427,0.7196173667907715,-0.05420785769820213,1732069760977915362
73,0.43785321712493896,0.7261112928390503,-0.039578165858983994,1732069760977944008
74,0.4190927743911743,0.7328859567642212,-0.023244839161634445,1732069760977972564
75,0.44837746024131775,0.6357771158218384,-0.049022380262613297,1732069760978001100
76,0.3941763639450073,0.7471538186073303,0.013615509495139122,1732069760978029475
77,0.40481293201446533,0.7524951100349426,-0.0018329548183828592,1732069760978057750
78,0.3999517560005188,0.7465487122535706,0.009153906255960464,1732069760978091076
79,0.452655166387558,0.6182384490966797,-0.09061897546052933,1732069760978121114
80,0.42827245593070984,0.7436982989311218,-0.011832457035779953,1732069760978149189
81,0.44655075669288635,0.7425307035446167,-0.021386872977018356,1732069760978177254
82,0.4679376780986786,0.7428651452064514,-0.029524995014071465,1732069760978205249
83,0.4644019603729248,0.8039443492889404,-0.0077758184634149075,1732069760978233454
84,0.4614717960357666,0.7886389493942261,-0.03272212669253349,1732069760978261989
85,0.4627531170845032,0.7720156908035278,-0.03656230866909027,1732069760978290184
86,0.46484047174453735,0.7565065622329712,-0.03180724382400513,1732069760978318259
87,0.46885591745376587,0.7436195611953735,-0.031890735030174255,1732069760978346394
88,0.4284362494945526,0.7454115748405457,-0.013613887131214142,1732069760978374750
89,0.42269328236579895,0.7509446740150452,-0.015538224950432777,1732069760978402935
90,0.4173436164855957,0.7586012482643127,-0.018465377390384674,1732069760978431270
91,0.4132176637649536,0.7675246000289917,-0.01346413791179657,1732069760978459134
92,0.3942728638648987,0.6952723264694214,-0.018107622861862183,1732069760978487570
93,0.21087756752967834,0.5664357542991638,0.27128204703330994,1732069760978515565
94,0.4967474043369293,0.6401486396789551,-0.08227282762527466,1732069760978544311
95,0.41502952575683594,0.7465413808822632,-0.0012902916641905904,1732069760978572786
96,0.40967291593551636,0.7500139474868774,-0.0024441068526357412,1732069760978601893
97,0.46610286831855774,0.6462023258209229,-0.0569053553044796,1732069760978629828
98,0.43213242292404175,0.6443766355514526,-0.031055184081196785,1732069760978665017
99,0.46336835622787476,0.6419680714607239,-0.05723711848258972,1732069760978693642
100,0.3945910334587097,0.544487476348877,-0.01206306740641594,1732069760978721978
101,0.3519955575466156,0.5614195466041565,-0.0024867565371096134,1732069760978758930
102,0.4166199564933777,0.6154873371124268,-0.04313192144036293,1732069760978791684
103,0.2761608362197876,0.2591269314289093,0.0254179947078228,1732069760978819879
104,0.29287049174308777,0.2983440160751343,-0.005974954925477505,1732069760978847944
105,0.31019020080566406,0.3401089310646057,-0.03031059540808201,1732069760978876179
106,0.4043445587158203,0.7781355381011963,0.0065745823085308075,1732069760978904534
107,0.4293533265590668,0.3549712896347046,-0.06634415686130524,1732069760978932840
108,0.42126208543777466,0.2922280430793762,-0.05940309911966324,1732069760978961285
109,0.4118335545063019,0.2290089726448059,-0.049057088792324066,1732069760978989540
110,0.31522810459136963,0.4782369136810303,0.020810166373848915,1732069760979017766
111,0.25636017322540283,0.49919402599334717,0.06048273667693138,1732069760979045941
112,0.42400652170181274,0.4718348979949951,0.005209801252931356,1732069760979073885
113,0.27049052715301514,0.42592087388038635,0.02906404621899128,1732069760979101870
114,0.438449501991272,0.5121409893035889,-0.033390648663043976,1732069760979129955
115,0.43564969301223755,0.6037627458572388,-0.09083980321884155,1732069760979158020
116,0.23301491141319275,0.5139204263687134,0.08905243873596191,1732069760979185924
117,0.2734166979789734,0.5215750932693481,0.03912985697388649,1732069760979214420
118,0.3053654134273529,0.5337873101234436,0.015967976301908493,1732069760979242264
119,0.35562849044799805,0.5301234126091003,0.004580033477395773,1732069760979270369
120,0.39259397983551025,0.5191905498504639,-0.002472924068570137,1732069760979298845
121,0.41882622241973877,0.5081930756568909,-0.010661432519555092,1732069760979328292
122,0.4714103043079376,0.4793555438518524,-0.0625036284327507,1732069760979356768
123,0.24185332655906677,0.5732361674308777,0.0886901468038559,1732069760979385283
124,0.25119584798812866,0.4210621118545532,0.0402224138379097,1732069760979413388
125,0.48540806770324707,0.6314929723739624,-0.11495109647512436,1732069760979441493
126,0.4255104064941406,0.5575968623161316,-0.03096591681241989,1732069760979469849
127,0.1979893147945404,0.444186806678772,0.24043391644954681,1732069760979497954
128,0.4388945996761322,0.49534639716148376,-0.015756715089082718,1732069760979526038
129,0.4143775403499603,0.6165608167648315,-0.01801811344921589,1732069760979554454
130,0.287244588136673,0.448072612285614,0.03859807550907135,1732069760979582499
131,0.43429669737815857,0.5876557230949402,-0.08268846571445465,1732069760979610423
132,0.22427326440811157,0.6343226432800293,0.26580381393432617,1732069760979638418
133,0.42437201738357544,0.46296563744544983,0.010503120720386505,1732069760979666783
134,0.45233410596847534,0.5706838369369507,-0.10876575857400894,1732069760979695049
135,0.2950782775878906,0.7786194682121277,0.1168498545885086,1732069760979723304
136,0.2944451570510864,0.8048266172409058,0.16530027985572815,1732069760979763953
137,0.22027939558029175,0.5712119936943054,0.17974960803985596,1732069760979792930
138,0.26512476801872253,0.7428048849105835,0.14614342153072357,1732069760979821205
139,0.21408000588417053,0.40071552991867065,0.12472536414861679,1732069760979849340
140,0.40037089586257935,0.8572952747344971,0.04668375104665756,1732069760979877505
141,0.48774439096450806,0.6398388743400574,-0.08024346828460693,1732069760979905550
142,0.402462899684906,0.5780760645866394,-0.019563032314181328,1732069760979933534
143,0.23016610741615295,0.4593225121498108,0.09296812117099762,1732069760979961739
144,0.33950912952423096,0.46868911385536194,0.010996963828802109,1732069760979989794
145,0.3613208532333374,0.46959397196769714,0.0045240228064358234,1732069760980017679
146,0.4008578062057495,0.7576947212219238,0.003236975520849228,1732069760980045774
147,0.25029173493385315,0.6277012825012207,0.10240083187818527,1732069760980080401
148,0.4486035406589508,0.8891885280609131,0.057656291872262955,1732069760980109067
149,0.36832308769226074,0.8568272590637207,0.10329576581716537,1732069760980137563
150,0.3338208794593811,0.8366603255271912,0.13031740486621857,1732069760980165768
151,0.49678075313568115,0.296029657125473,-0.06585746258497238,1732069760980197330
152,0.5038052797317505,0.8939200639724731,0.04985978081822395,1732069760980234372
153,0.38271665573120117,0.4672394394874573,0.0028004187624901533,1732069760980263890
154,0.40333306789398193,0.46483421325683594,0.005813423078507185,1732069760980292395
155,0.41787758469581604,0.46454763412475586,0.010403716936707497,1732069760980320560
156,0.23389723896980286,0.4128335118293762,0.06559910625219345,1732069760980348565
157,0.39885351061820984,0.43751266598701477,0.00016688249888829887,1732069760980376369
158,0.3755591809749603,0.42553865909576416,-0.0034195196349173784,1732069760980404614
159,0.3519740402698517,0.4223000705242157,-0.001843768754042685,1732069760980432890
160,0.33029621839523315,0.42627960443496704,0.004798239562660456,1732069760980461285
161,0.3174402117729187,0.43361496925354004,0.013204104267060757,1732069760980489350
162,0.19887536764144897,0.38425955176353455,0.19293802976608276,1732069760980517425
163,0.32486066222190857,0.46424615383148193,0.019099272787570953,1732069760980545690
164,0.4958377480506897,0.669214129447937,-0.05807777866721153,1732069760980573925
165,0.41831135749816895,0.6811813116073608,-0.031840503215789795,1732069760980601900
166,0.4428842067718506,0.6248056888580322,-0.06479883939027786,1732069760980629894
167,0.4633405804634094,0.6705091595649719,-0.05515110865235329,1732069760980658110
168,0.4968695640563965,0.437746524810791,-0.05828183889389038,1732069760980686415
169,0.329109251499176,0.8103302717208862,0.09492681920528412,1732069760980714730
170,0.36175841093063354,0.8343648910522461,0.07228182256221771,1732069760980751402
171,0.44628289341926575,0.8741883039474487,0.023639148101210594,1732069760980784196
172,0.2643672823905945,0.7651920318603516,0.20882382988929749,1732069760980813052
173,0.4163585901260376,0.4534441828727722,0.006054038181900978,1732069760980841297
174,0.45543789863586426,0.5213555097579956,-0.06751874834299088,1732069760980869182
175,0.5026231408119202,0.879676103591919,0.017144346609711647,1732069760980897036
176,0.40572839975357056,0.874901533126831,0.07589907944202423,1732069760980930071
177,0.23087838292121887,0.632473886013031,0.1816987544298172,1732069760980962574
178,0.4470354914665222,0.7444950342178345,-0.023543696850538254,1732069760980991100
179,0.441175639629364,0.7532817721366882,-0.025060540065169334,1732069760981019405
180,0.43694359064102173,0.7655643820762634,-0.028800031170248985,1732069760981047270
181,0.43378323316574097,0.7804187536239624,-0.02488579973578453,1732069760981075365
182,0.43070560693740845,0.7938340902328491,-0.003892551176249981,1732069760981103339
183,0.4103929400444031,0.7425457835197449,-0.0034790318459272385,1732069760981131264
184,0.40513676404953003,0.7404856085777283,-0.003413948230445385,1732069760981159168
185,0.40046563744544983,0.7376409769058228,-0.0035005740355700254,1732069760981187213
186,0.3767063021659851,0.7160037159919739,0.0014349969569593668,1732069760981215348
187,0.28126218914985657,0.6459226012229919,0.05200515687465668,1732069760981243623
188,0.4547869563102722,0.4936288893222809,-0.04655463993549347,1732069760981271838
189,0.44121208786964417,0.4398474097251892,-0.009252764284610748,1732069760981299693
190,0.4261181950569153,0.4430445730686188,0.001083021517843008,1732069760981327998
191,0.4151786267757416,0.7449286580085754,3.48671201209072e-05,1732069760981356333
192,0.2785530090332031,0.7080444097518921,0.09501789510250092,1732069760981389618
193,0.4641963243484497,0.4411870241165161,-0.04090160131454468,1732069760981417784
194,0.4161076545715332,0.8139163255691528,0.013403168879449368,1732069760981445818
195,0.49604731798171997,0.5303759574890137,-0.1122620552778244,1732069760981481929
196,0.47258052229881287,0.5081028342247009,-0.08606258779764175,1732069760981511096
197,0.4958190321922302,0.503715991973877,-0.09240816533565521,1732069760981539181
198,0.4402545988559723,0.5641189813613892,-0.06362442672252655,1732069760981567215
199,0.5009433627128601,0.8572108149528503,0.0002696557203307748,1732069760981595040
200,0.5001466870307922,0.8298874497413635,-0.0032527234870940447,1732069760981623305
201,0.4565293490886688,0.8265469074249268,0.00197578058578074,1732069760981651640
202,0.3587889075279236,0.7700115442276001,0.035513292998075485,1732069760981679475
203,0.3912360668182373,0.6349142789840698,-0.010851459577679634,1732069760981707550
204,0.3841961622238159,0.7949946522712708,0.025237098336219788,1732069760981742929
205,0.33156707882881165,0.6272439360618591,0.0005511699710041285,1732069760981776434
206,0.36750316619873047,0.660142719745636,-0.005135661922395229,1732069760981805571
207,0.3129357099533081,0.668701708316803,0.024191074073314667,1732069760981834217
208,0.448885440826416,0.8525810241699219,0.007560597267001867,1732069760981862552
209,0.42725276947021484,0.5803882479667664,-0.04338062182068825,1732069760981890727
210,0.33742615580558777,0.7850475311279297,0.06249236688017845,1732069760981918702
211,0.3696586787700653,0.8127340078353882,0.04891248419880867,1732069760981946967
212,0.338478147983551,0.740293025970459,0.036912981420755386,1732069760981975433
213,0.2571677565574646,0.6737589836120605,0.11493789404630661,1732069760982003548
214,0.3078615665435791,0.738872766494751,0.06269664317369461,1732069760982031562
215,0.24269145727157593,0.690692663192749,0.1760047823190689,1732069760982059427
216,0.34932273626327515,0.6942203044891357,0.00999378226697445,1732069760982087331
217,0.44073742628097534,0.5388317108154297,-0.047954261302948,1732069760982115356
218,0.44458815455436707,0.614115297794342,-0.09597233682870865,1732069760982143551
219,0.4315876364707947,0.6236178278923035,-0.06726318597793579,1732069760982171666
220,0.4532316327095032,0.5960701107978821,-0.1152680367231369,1732069760982199851
221,0.418881893157959,0.40979549288749695,-0.0192329753190279,1732069760982228016
222,0.3731924593448639,0.3887268304824829,-0.02355845645070076,1732069760982256021
223,0.3325192928314209,0.3840317130088806,-0.020486319437623024,1732069760982284326
224,0.30029016733169556,0.3905189037322998,-0.00918449554592371,1732069760982312451
225,0.27919670939445496,0.4040171802043915,0.006916556507349014,1732069760982340716
226,0.27091872692108154,0.4528414011001587,0.04942009970545769,1732069760982368761
227,0.21148782968521118,0.5118427276611328,0.16896288096904755,1732069760982396716
228,0.29638999700546265,0.49530652165412903,0.032383982092142105,1732069760982424650
229,0.32292312383651733,0.5049836039543152,0.017241977155208588,1732069760982452655
230,0.35815608501434326,0.5049557685852051,0.006733500398695469,1732069760982480780
231,0.3907707929611206,0.49890077114105225,0.000686151091940701,1732069760982508654
232,0.4154840409755707,0.4912239611148834,-0.0006548234960064292,1732069760982537040
233,0.4323429763317108,0.4841356575489044,-0.002935427473857999,1732069760982565195
234,0.2031429409980774,0.5031493902206421,0.263970285654068,1732069760982593239
235,0.4327941834926605,0.6321941018104553,-0.05421753600239754,1732069760982620873
236,0.4559450149536133,0.5458370447158813,-0.08465608209371567,1732069760982648948
237,0.46117568016052246,0.6137346029281616,-0.11581774801015854,1732069760982676863
238,0.4740254580974579,0.6277976632118225,-0.10479845106601715,1732069760982704637
239,0.4623405635356903,0.6185680627822876,-0.10326787084341049,1732069760982739786
240,0.43961551785469055,0.6405421495437622,-0.045419249683618546,1732069760982773371
241,0.4779307544231415,0.6300375461578369,-0.11123543977737427,1732069760982801997
242,0.4804646074771881,0.6373081207275391,-0.08052723109722137,1732069760982830192
243,0.4324832856655121,0.4641290605068207,0.007037381175905466,1732069760982858347
244,0.44540390372276306,0.46946167945861816,-0.007472702767699957,1732069760982893616
245,0.45354846119880676,0.47504234313964844,-0.02391676791012287,1732069760982922312
246,0.30985695123672485,0.4408552050590515,0.022230923175811768,1732069760982950327
247,0.2841551899909973,0.4282838702201843,0.022590231150388718,1732069760982978412
248,0.517524242401123,0.5345258712768555,-0.10414661467075348,1732069760983007018
249,0.6858493685722351,0.46336907148361206,0.020414957776665688,1732069760983034642
250,0.5186787843704224,0.6331400871276855,-0.0816747173666954,1732069760983062797
251,0.7749278545379639,0.34240081906318665,0.12910999357700348,1732069760983090431
252,0.6093351244926453,0.4842883050441742,-0.004127107094973326,1732069760983118465
253,0.6338871121406555,0.48731809854507446,-0.002016012091189623,1732069760983146190
254,0.6595844626426697,0.4876507520675659,0.005108862649649382,1732069760983174154
255,0.6947804689407349,0.47235941886901855,0.025033317506313324,1732069760983202359
256,0.588209331035614,0.4794639050960541,-0.0009303393308073282,1732069760983230675
257,0.6541954874992371,0.40206378698349,-0.016604186967015266,1732069760983258739
258,0.619879424571991,0.405706524848938,-0.016957923769950867,1732069760983286854
259,0.6840661764144897,0.40887778997421265,-0.007974726147949696,1732069760983314889
260,0.7026812434196472,0.4214715361595154,0.002164290053769946,1732069760983342954
261,0.7115632891654968,0.48716023564338684,0.03869102895259857,1732069760983370949
262,0.5936831831932068,0.8377819061279297,0.02475809119641781,1732069760983399184
263,0.6958446502685547,0.454008013010025,0.02779742330312729,1732069760983427148
264,0.7765884399414062,0.45761874318122864,0.14909160137176514,1732069760983455073
265,0.7417538166046143,0.46513283252716064,0.06135707348585129,1732069760983483338
266,0.622451663017273,0.5980868935585022,-0.01676676981151104,1732069760983511493
267,0.5249953269958496,0.703467845916748,-0.05968043580651283,1732069760983539468
268,0.5211557745933533,0.733180820941925,-0.04506697878241539,1732069760983567482
269,0.55649733543396,0.7146039009094238,-0.044878941029310226,1732069760983595287
270,0.5787439346313477,0.7264851331710815,-0.02763298898935318,1732069760983622991
271,0.5464946627616882,0.735604465007782,-0.03635154664516449,1732069760983650665
272,0.5676690340042114,0.7389534711837769,-0.020787447690963745,1732069760983678700
273,0.6145046949386597,0.765557050704956,0.013713309541344643,1732069760983706915
274,0.5156994462013245,0.6171832084655762,-0.12871061265468597,1732069760983743326
275,0.5200002193450928,0.593560516834259,-0.1382385939359665,1732069760983776731
276,0.7292336225509644,0.4033852219581604,0.006084301974624395,1732069760983805107
277,0.571710467338562,0.5298284888267517,-0.025379814207553864,1732069760983833191
278,0.5685953497886658,0.6153841018676758,-0.06736180931329727,1732069760983861206
279,0.5705794095993042,0.6019997596740723,-0.06099012494087219,1732069760983889622
280,0.6972357034683228,0.5926297903060913,0.01365633960813284,1732069760983917266
281,0.5185372829437256,0.5611910820007324,-0.1257409155368805,1732069760983945170
282,0.6687816381454468,0.3769364356994629,-0.03864665329456329,1732069760983972874
283,0.7048013210296631,0.38651418685913086,-0.018414007499814034,1732069760984000999
284,0.7520002126693726,0.3003774881362915,0.07545817643404007,1732069760984029074
285,0.5555868148803711,0.3976481556892395,-0.056550007313489914,1732069760984057029
286,0.5927159190177917,0.4204365015029907,-0.00886139739304781,1732069760984085114
287,0.6320332288742065,0.7425497174263,0.018201202154159546,1732069760984113419
288,0.7471551895141602,0.7094763517379761,0.240676611661911,1732069760984141413
289,0.5499518513679504,0.6289543509483337,-0.05646449327468872,1732069760984169589
290,0.5331839323043823,0.6355699300765991,-0.05716361105442047,1732069760984197423
291,0.6039626598358154,0.7482924461364746,0.01358815934509039,1732069760984225568
292,0.5988801121711731,0.7482767701148987,0.005592662375420332,1732069760984260536
293,0.717197060585022,0.36899468302726746,-0.008212799206376076,1732069760984288962
294,0.569171667098999,0.628021240234375,-0.05260268598794937,1732069760984316976
295,0.6207684278488159,0.3787640333175659,-0.05166270211338997,1732069760984344761
296,0.6254144906997681,0.3558703362941742,-0.05844544619321823,1732069760984372515
297,0.6498931050300598,0.24398034811019897,-0.025688089430332184,1732069760984400229
298,0.7338302731513977,0.3307682275772095,0.02664133533835411,1732069760984428164
299,0.634966254234314,0.2961157560348511,-0.04403531551361084,1732069760984455677
300,0.74224454164505,0.389284610748291,0.02662360854446888,1732069760984483041
301,0.7588341236114502,0.3647266924381256,0.07363971322774887,1732069760984510945
302,0.5238727927207947,0.7193226218223572,-0.055381592363119125,1732069760984538820
303,0.5515121221542358,0.7254688143730164,-0.04191071540117264,1732069760984566714
304,0.5733426809310913,0.7327395677566528,-0.026449425145983696,1732069760984594228
305,0.5449267625808716,0.6340360641479492,-0.05051775649189949,1732069760984622182
306,0.6021053194999695,0.7483224868774414,0.009366407059133053,1732069760984650388
307,0.58924400806427,0.7530816197395325,-0.005434189923107624,1732069760984678653
308,0.5962159633636475,0.7484816312789917,0.005031758453696966,1732069760984706637
309,0.541640043258667,0.6168645024299622,-0.09231896698474884,1732069760984742157
310,0.5634678602218628,0.7434383630752563,-0.014633018523454666,1732069760984775231
311,0.5430988073348999,0.7420600652694702,-0.023453010246157646,1732069760984803807
312,0.5190735459327698,0.7425621747970581,-0.030603298917412758,1732069760984832213
313,0.5331873893737793,0.8035938739776611,-0.009026451967656612,1732069760984860478
314,0.5272268652915955,0.7872208952903748,-0.034157343208789825,1732069760984888392
315,0.5258479118347168,0.7711474895477295,-0.0377546027302742,1732069760984916297
316,0.5239018797874451,0.7555334568023682,-0.033245187252759933,1732069760984944091
317,0.5204213261604309,0.7437905669212341,-0.03328351303935051,1732069760984972016
318,0.5639549493789673,0.7451016902923584,-0.016383696347475052,1732069760984999840
319,0.5692534446716309,0.7502841353416443,-0.01835245080292225,1732069760985028105
320,0.5743229985237122,0.758176863193512,-0.021720359101891518,1732069760985056060
321,0.5788187980651855,0.766129732131958,-0.016992870718240738,1732069760985084365
322,0.600106954574585,0.6958726644515991,-0.02188173122704029,1732069760985112681
323,0.7756033539772034,0.569638729095459,0.2646373510360718,1732069760985140976
324,0.5797486305236816,0.7472267746925354,-0.004763700999319553,1732069760985168740
325,0.5838284492492676,0.7503799796104431,-0.006037840619683266,1732069760985196935
326,0.5272465944290161,0.6454648971557617,-0.05783747509121895,1732069760985225020
327,0.5608545541763306,0.6434783935546875,-0.033294640481472015,1732069760985253446
328,0.5299102067947388,0.6413338780403137,-0.05788646638393402,1732069760985281911
329,0.5980920195579529,0.5450895428657532,-0.01539414469152689,1732069760985310126
330,0.6403710842132568,0.5632224082946777,-0.007082071155309677,1732069760985338221
331,0.5750044584274292,0.6146403551101685,-0.045869529247283936,1732069760985366346
332,0.7127637267112732,0.26705044507980347,0.020523633807897568,1732069760985394631
333,0.6945003271102905,0.30757325887680054,-0.011548515409231186,1732069760985422726
334,0.6775805950164795,0.3558287024497986,-0.03641502186655998,1732069760985450921
335,0.5930623412132263,0.7802374958992004,0.002883533714339137,1732069760985479026
336,0.5637132525444031,0.3623718023300171,-0.06923038512468338,1732069760985507061
337,0.571002721786499,0.29579389095306396,-0.06195063889026642,1732069760985534875
338,0.5803660154342651,0.23222693800926208,-0.05101476609706879,1732069760985562670
339,0.6815918684005737,0.48254671692848206,0.015763521194458008,1732069760985590644
340,0.7335408926010132,0.5037956833839417,0.05328037962317467,1732069760985619000
341,0.5754024982452393,0.474528431892395,0.002424479927867651,1732069760985654068
342,0.7230159044265747,0.43551141023635864,0.022670045495033264,1732069760985682534
343,0.5543316006660461,0.5131646990776062,-0.03537256270647049,1732069760985711059
344,0.5566076040267944,0.603419840335846,-0.09282359480857849,1732069760985746449
345,0.7563385963439941,0.5169941782951355,0.08446526527404785,1732069760985779423
346,0.7171971797943115,0.5255059003829956,0.03287459537386894,1732069760985807738
347,0.6857842206954956,0.5376185178756714,0.01028046477586031,1732069760985835603
348,0.6371002197265625,0.5327224731445312,-0.00012106651411158964,1732069760985863477
349,0.6009262800216675,0.521254301071167,-0.006275399588048458,1732069760985892113
350,0.5748459100723267,0.5098104476928711,-0.013306322507560253,1732069760985920218
351,0.5212951302528381,0.4800895154476166,-0.06359689682722092,1732069760985948443
352,0.7482264041900635,0.5756000280380249,0.08146732300519943,1732069760985976287
353,0.7386274337768555,0.43103957176208496,0.03420918807387352,1732069760986004322
354,0.5081926584243774,0.6307023763656616,-0.11535368859767914,1732069760986032357
355,0.5673699975013733,0.5579445362091064,-0.03333548083901405,1732069760986060382
356,0.7864305973052979,0.44800978899002075,0.23328758776187897,1732069760986088246
357,0.5560312271118164,0.49669843912124634,-0.017986075952649117,1732069760986116381
358,0.5773981809616089,0.6158944368362427,-0.02137625217437744,1732069760986144817
359,0.7104415893554688,0.4559327960014343,0.03255033120512962,1732069760986172661
360,0.5576091408729553,0.5871111750602722,-0.0847192034125328,1732069760986200746
361,0.7635142207145691,0.6366395950317383,0.2598860561847687,1732069760986228610
362,0.5750991106033325,0.46568048000335693,0.007741998415440321,1732069760986256765
363,0.5395638942718506,0.5710190534591675,-0.1101401224732399,1732069760986284890
364,0.697791337966919,0.7839391231536865,0.11034094542264938,1732069760986312594
365,0.6980000734329224,0.8102866411209106,0.16027598083019257,1732069760986340389
366,0.7677018642425537,0.5723477602005005,0.17279347777366638,1732069760986368694
367,0.7242841720581055,0.7462414503097534,0.13912160694599152,1732069760986396779
368,0.7703857421875,0.40697652101516724,0.11853493005037308,1732069760986424743
369,0.6011371612548828,0.8616634607315063,0.04353336617350578,1732069760986452848
370,0.5058735609054565,0.6390151977539062,-0.08050793409347534,1732069760986480823
371,0.5899685621261597,0.578373908996582,-0.022637350484728813,1732069760986508818
372,0.7581285238265991,0.4652211666107178,0.0885770320892334,1732069760986537213
373,0.6583706736564636,0.47205865383148193,0.006115036550909281,1732069760986565328
374,0.6366051435470581,0.4722939729690552,0.00023205367324408144,1732069760986593413
375,0.5935867428779602,0.7567657232284546,-0.0007072215666994452,1732069760986621698
376,0.740090012550354,0.6291049718856812,0.0949307233095169,1732069760986649653
377,0.5563871264457703,0.8919808268547058,0.0556659959256649,1732069760986677447
378,0.6312733888626099,0.8637813329696655,0.09973850846290588,1732069760986705351
379,0.6626479029655457,0.8432586193084717,0.12607359886169434,1732069760986740270
380,0.6146864891052246,0.4697650074958801,-0.0008055730140767992,1732069760986773595
381,0.5954296588897705,0.4676092267036438,0.002435034839436412,1732069760986802531
382,0.5821828842163086,0.46681633591651917,0.007613775320351124,1732069760986830837
383,0.7540721893310547,0.4222564697265625,0.0589592345058918,1732069760986858911
384,0.5980938673019409,0.4394190311431885,-0.0029195896349847317,1732069760986886946
385,0.6200187802314758,0.42703738808631897,-0.0071921516209840775,1732069760986915322
386,0.6447323560714722,0.4246031641960144,-0.0060838498175144196,1732069760986944198
387,0.667273998260498,0.42940807342529297,7.746205665171146e-05,1732069760986972473
388,0.6819452047348022,0.4384467601776123,0.007898055016994476,1732069760987002402
389,0.784995436668396,0.389218807220459,0.18687410652637482,1732069760987030527
390,0.674310564994812,0.4688851833343506,0.013972403481602669,1732069760987065575
391,0.5750318765640259,0.6809406280517578,-0.03465394303202629,1732069760987094141
392,0.5501143336296082,0.6235315799713135,-0.06668021529912949,1732069760987122296
393,0.5292096138000488,0.6703889966011047,-0.056341011077165604,1732069760987150341
394,0.6667211055755615,0.8156982660293579,0.09010852128267288,1732069760987178596
395,0.6368111968040466,0.8407796621322632,0.06843657046556473,1732069760987206771
396,0.5555535554885864,0.876689076423645,0.021833542734384537,1732069760987234866
397,0.7251896858215332,0.7690781354904175,0.2034854292869568,1732069760987262931
398,0.5827786922454834,0.4552985727787018,0.0031396145932376385,1732069760987290905
399,0.5364315509796143,0.5222849249839783,-0.06882363557815552,1732069760987319291
400,0.5969959497451782,0.8803352117538452,0.0727766677737236,1732069760987347205
401,0.757300853729248,0.6339602470397949,0.17448574304580688,1732069760987375280
402,0.5445007085800171,0.7433152198791504,-0.025857020169496536,1732069760987403084
403,0.5490024089813232,0.7528435587882996,-0.027195196598768234,1732069760987431330
404,0.5535501837730408,0.76497483253479,-0.031448155641555786,1732069760987459374
405,0.5564957857131958,0.7780942916870117,-0.027867237105965614,1732069760987487279
406,0.5667591094970703,0.7944108247756958,-0.007475420832633972,1732069760987515243
407,0.5843252539634705,0.7437523007392883,-0.006686134729534388,1732069760987543699
408,0.5891806483268738,0.7405114769935608,-0.007071421016007662,1732069760987571924
409,0.5935713648796082,0.7378313541412354,-0.007414363790303469,1732069760987600039
410,0.6194435954093933,0.7183555364608765,-0.0033276667818427086,1732069760987627964
411,0.7100715041160583,0.6472892165184021,0.04577796161174774,1732069760987656279
412,0.5374512672424316,0.4946145713329315,-0.04780147597193718,1732069760987684304
413,0.5558050870895386,0.44307172298431396,-0.010926674120128155,1732069760987712318
414,0.5721311569213867,0.4463798403739929,-0.0018914887914434075,1732069760987747257
415,0.5788378715515137,0.7456494569778442,-0.003515355521813035,1732069760987780582
416,0.7119332551956177,0.7104992270469666,0.08867532014846802,1732069760987809258
417,0.5306628346443176,0.4438801407814026,-0.04247623682022095,1732069760987838004
418,0.5815476179122925,0.8159453868865967,0.010012444108724594,1732069760987866359
419,0.5193547010421753,0.5087887644767761,-0.0867985263466835,1732069760987894935
420,0.5519462823867798,0.5636701583862305,-0.06467166543006897,1732069760987923150
421,0.5414223074913025,0.8279910087585449,0.0004030355194117874,1732069760987952067
422,0.6385223865509033,0.7731948494911194,0.03056398034095764,1732069760987980743
423,0.6017017364501953,0.6354338526725769,-0.014352905564010143,1732069760988009068
424,0.6134883165359497,0.7977661490440369,0.02121526002883911,1732069760988037564
425,0.6615450978279114,0.6291475892066956,-0.004873616620898247,1732069760988065608
426,0.6272561550140381,0.6611417531967163,-0.00951040256768465,1732069760988093563
427,0.6796479821205139,0.670251190662384,0.01779903657734394,1732069760988121908
428,0.5506511926651001,0.8543693423271179,0.0058168754912912846,1732069760988149863
429,0.564767599105835,0.5798304080963135,-0.045732736587524414,1732069760988178679
430,0.658406138420105,0.7893311381340027,0.05741818621754646,1732069760988206894
431,0.6286747455596924,0.8166840076446533,0.04440571740269661,1732069760988235009
432,0.6563770174980164,0.7423561811447144,0.031109126284718513,1732069760988262874
433,0.7325323224067688,0.6750775575637817,0.108164481818676,1732069760988291259
434,0.6857492923736572,0.7423083782196045,0.05663955211639404,1732069760988319575
435,0.7456303238868713,0.692250669002533,0.16906273365020752,1732069760988347609
436,0.6453014016151428,0.6960556507110596,0.004872617311775684,1732069760988375955
437,0.5516226291656494,0.539127767086029,-0.049833524972200394,1732069760988404430
438,0.5481935739517212,0.612800121307373,-0.09780734777450562,1732069760988432525
439,0.5604209303855896,0.6230001449584961,-0.0694589912891388,1732069760988467674
440,0.5398007035255432,0.5959975123405457,-0.11613520234823227,1732069760988496019
441,0.5768028497695923,0.4153556823730469,-0.021642819046974182,1732069760988524284
442,0.6201992630958557,0.3963664174079895,-0.027426455169916153,1732069760988552329
443,0.6602802276611328,0.39420220255851746,-0.025844234973192215,1732069760988580103
444,0.6924161911010742,0.4013872742652893,-0.01514202170073986,1732069760988608308
445,0.7135595083236694,0.4145306348800659,0.00046239481889642775,1732069760988636393
446,0.7232630252838135,0.4604737162590027,0.04317409172654152,1732069760988664809
447,0.7739050388336182,0.5145148038864136,0.16166383028030396,1732069760988692834
448,0.697415828704834,0.5003074407577515,0.026408601552248,1732069760988720758
449,0.6700902581214905,0.5085122585296631,0.01194657851010561,1732069760988757309
450,0.6357548832893372,0.507808268070221,0.0022595138289034367,1732069760988790094
451,0.6039742231369019,0.5010278820991516,-0.0031986276153475046,1732069760988819230
452,0.5806077122688293,0.4933052361011505,-0.0036799199879169464,1732069760988847826
453,0.5634864568710327,0.4863143265247345,-0.005698034074157476,1732069760988876011
454,0.7827498912811279,0.5068024396896362,0.2570074498653412,1732069760988904096
455,0.559700071811676,0.6308742761611938,-0.05658302828669548,1732069760988932602
456,0.5359776020050049,0.5457828640937805,-0.08583144098520279,1732069760988965095
457,0.5325748324394226,0.6129727363586426,-0.11713210493326187,1732069760989006657
458,0.5201984643936157,0.6264276504516602,-0.1053730696439743,1732069760989047657
459,0.5317561030387878,0.6177828311920166,-0.10450607538223267,1732069760989085130
460,0.5532898306846619,0.6394099593162537,-0.04724747687578201,1732069760989116241
461,0.5156850218772888,0.6290798187255859,-0.11193244159221649,1732069760989144796
462,0.513298749923706,0.6373698115348816,-0.08103746175765991,1732069760989173192
463,0.5663778781890869,0.4666516184806824,0.004619923420250416,1732069760989201487
464,0.551220178604126,0.47193554043769836,-0.00959932990372181,1732069760989229542
465,0.5418308973312378,0.47723162174224854,-0.025856412947177887,1732069760989257657
466,0.6899447441101074,0.446280300617218,0.01673172228038311,1732069760989286102
467,0.7127897143363953,0.43717312812805176,0.016943613067269325,1732069760989314578
468,0.35801997780799866,0.4414753317832947,0.007469633594155312,1732069760989343084
469,0.3862987160682678,0.44209253787994385,0.00739988824352622,1732069760989371720
470,0.3577062487602234,0.4165714979171753,0.00741640804335475,1732069760989400095
471,0.3298174738883972,0.4410923719406128,0.00740406196564436,1732069760989428701
472,0.35789889097213745,0.467490553855896,0.007399015128612518,1732069760989457116
473,0.6407728791236877,0.44508665800094604,0.004868001211434603,1732069760989485341
474,0.6695931553840637,0.44553816318511963,0.004580032546073198,1732069760989513406
475,0.6409528255462646,0.4199787676334381,0.00458858348429203,1732069760989541651
476,0.6117186546325684,0.4442439079284668,0.004554822109639645,1732069760989569887
477,0.6397113800048828,0.4706357419490814,0.004560065921396017,1732069760989597921
